<?xml version="1.0" encoding="UTF-8"?><?xml-stylesheet type='text/xsl' href='_UpgradeReport_Files/UpgradeReport.xslt'?><UpgradeLog>
<Properties><Property Name="Solution" Value="ThoughtWorks.QRCode">
</Property><Property Name="Solution File" Value="C:\Users\Vladimir Rodriguez\Downloads\QRCode\QRCode\ThoughtWorks.QRCode.sln">
</Property><Property Name="Date" Value="martes, 04 de diciembre de 2012">
</Property><Property Name="Time" Value="06:11:39 a.m.">
</Property><Property Name="Log Number" Value="4">
</Property></Properties><Event ErrorLevel="0" Project="QRCodeMobileLib" Source="QRCodeMobileLib\QRCodeMobileLib.csproj" Description="Project file successfully backed up as C:\Users\Vladimir Rodriguez\Downloads\QRCode\QRCode\Backup\QRCodeMobileLib.csproj">
</Event><Event ErrorLevel="0" Project="QRCodeMobileLib" Source="QRCodeMobileLib\QRCodeMobileLib.csproj.user" Description="Project user file successfully backed up as C:\Users\Vladimir Rodriguez\Downloads\QRCode\QRCode\Backup\QRCodeMobileLib.csproj.user">
</Event><Event ErrorLevel="0" Project="QRCodeMobileLib" Source="QRCodeMobileLib\data\QRCodeBitmapImage.cs" Description="File successfully backed up as C:\Users\Vladimir Rodriguez\Downloads\QRCode\QRCode\Backup\data\QRCodeBitmapImage.cs">
</Event><Event ErrorLevel="0" Project="QRCodeMobileLib" Source="QRCodeMobileLib\data\QRCodeImage.cs" Description="File successfully backed up as C:\Users\Vladimir Rodriguez\Downloads\QRCode\QRCode\Backup\data\QRCodeImage.cs">
</Event><Event ErrorLevel="0" Project="QRCodeMobileLib" Source="QRCodeMobileLib\data\QRCodeSymbol.cs" Description="File successfully backed up as C:\Users\Vladimir Rodriguez\Downloads\QRCode\QRCode\Backup\data\QRCodeSymbol.cs">
</Event><Event ErrorLevel="0" Project="QRCodeMobileLib" Source="QRCodeMobileLib\ecc\BCH15_5.cs" Description="File successfully backed up as C:\Users\Vladimir Rodriguez\Downloads\QRCode\QRCode\Backup\ecc\BCH15_5.cs">
</Event><Event ErrorLevel="0" Project="QRCodeMobileLib" Source="QRCodeMobileLib\ecc\ReedSolomon.cs" Description="File successfully backed up as C:\Users\Vladimir Rodriguez\Downloads\QRCode\QRCode\Backup\ecc\ReedSolomon.cs">
</Event><Event ErrorLevel="0" Project="QRCodeMobileLib" Source="QRCodeMobileLib\exception\AlignmentPatternNotFoundException.cs" Description="File successfully backed up as C:\Users\Vladimir Rodriguez\Downloads\QRCode\QRCode\Backup\exception\AlignmentPatternNotFoundException.cs">
</Event><Event ErrorLevel="0" Project="QRCodeMobileLib" Source="QRCodeMobileLib\exception\DecodingFailedException.cs" Description="File successfully backed up as C:\Users\Vladimir Rodriguez\Downloads\QRCode\QRCode\Backup\exception\DecodingFailedException.cs">
</Event><Event ErrorLevel="0" Project="QRCodeMobileLib" Source="QRCodeMobileLib\exception\FinderPatternNotFoundException.cs" Description="File successfully backed up as C:\Users\Vladimir Rodriguez\Downloads\QRCode\QRCode\Backup\exception\FinderPatternNotFoundException.cs">
</Event><Event ErrorLevel="0" Project="QRCodeMobileLib" Source="QRCodeMobileLib\exception\InvalidDataBlockException.cs" Description="File successfully backed up as C:\Users\Vladimir Rodriguez\Downloads\QRCode\QRCode\Backup\exception\InvalidDataBlockException.cs">
</Event><Event ErrorLevel="0" Project="QRCodeMobileLib" Source="QRCodeMobileLib\exception\InvalidVersionException.cs" Description="File successfully backed up as C:\Users\Vladimir Rodriguez\Downloads\QRCode\QRCode\Backup\exception\InvalidVersionException.cs">
</Event><Event ErrorLevel="0" Project="QRCodeMobileLib" Source="QRCodeMobileLib\exception\InvalidVersionInfoException.cs" Description="File successfully backed up as C:\Users\Vladimir Rodriguez\Downloads\QRCode\QRCode\Backup\exception\InvalidVersionInfoException.cs">
</Event><Event ErrorLevel="0" Project="QRCodeMobileLib" Source="QRCodeMobileLib\exception\SymbolNotFoundException.cs" Description="File successfully backed up as C:\Users\Vladimir Rodriguez\Downloads\QRCode\QRCode\Backup\exception\SymbolNotFoundException.cs">
</Event><Event ErrorLevel="0" Project="QRCodeMobileLib" Source="QRCodeMobileLib\exception\VersionInformationException.cs" Description="File successfully backed up as C:\Users\Vladimir Rodriguez\Downloads\QRCode\QRCode\Backup\exception\VersionInformationException.cs">
</Event><Event ErrorLevel="0" Project="QRCodeMobileLib" Source="QRCodeMobileLib\geom\Axis.cs" Description="File successfully backed up as C:\Users\Vladimir Rodriguez\Downloads\QRCode\QRCode\Backup\geom\Axis.cs">
</Event><Event ErrorLevel="0" Project="QRCodeMobileLib" Source="QRCodeMobileLib\geom\Line.cs" Description="File successfully backed up as C:\Users\Vladimir Rodriguez\Downloads\QRCode\QRCode\Backup\geom\Line.cs">
</Event><Event ErrorLevel="0" Project="QRCodeMobileLib" Source="QRCodeMobileLib\geom\Point.cs" Description="File successfully backed up as C:\Users\Vladimir Rodriguez\Downloads\QRCode\QRCode\Backup\geom\Point.cs">
</Event><Event ErrorLevel="0" Project="QRCodeMobileLib" Source="QRCodeMobileLib\geom\SamplingGrid.cs" Description="File successfully backed up as C:\Users\Vladimir Rodriguez\Downloads\QRCode\QRCode\Backup\geom\SamplingGrid.cs">
</Event><Event ErrorLevel="0" Project="QRCodeMobileLib" Source="QRCodeMobileLib\Properties\AssemblyInfo.cs" Description="File successfully backed up as C:\Users\Vladimir Rodriguez\Downloads\QRCode\QRCode\Backup\Properties\AssemblyInfo.cs">
</Event><Event ErrorLevel="0" Project="QRCodeMobileLib" Source="QRCodeMobileLib\Properties\Resources.Designer.cs" Description="File successfully backed up as C:\Users\Vladimir Rodriguez\Downloads\QRCode\QRCode\Backup\Properties\Resources.Designer.cs">
</Event><Event ErrorLevel="0" Project="QRCodeMobileLib" Source="QRCodeMobileLib\QRCodeDecoder.cs" Description="File successfully backed up as C:\Users\Vladimir Rodriguez\Downloads\QRCode\QRCode\Backup\QRCodeDecoder.cs">
</Event><Event ErrorLevel="0" Project="QRCodeMobileLib" Source="QRCodeMobileLib\QRCodeEncoder.cs" Description="File successfully backed up as C:\Users\Vladimir Rodriguez\Downloads\QRCode\QRCode\Backup\QRCodeEncoder.cs">
</Event><Event ErrorLevel="0" Project="QRCodeMobileLib" Source="QRCodeMobileLib\reader\pattern\AlignmentPattern.cs" Description="File successfully backed up as C:\Users\Vladimir Rodriguez\Downloads\QRCode\QRCode\Backup\reader\pattern\AlignmentPattern.cs">
</Event><Event ErrorLevel="0" Project="QRCodeMobileLib" Source="QRCodeMobileLib\reader\pattern\FinderPattern.cs" Description="File successfully backed up as C:\Users\Vladimir Rodriguez\Downloads\QRCode\QRCode\Backup\reader\pattern\FinderPattern.cs">
</Event><Event ErrorLevel="0" Project="QRCodeMobileLib" Source="QRCodeMobileLib\reader\pattern\LogicalSeed.cs" Description="File successfully backed up as C:\Users\Vladimir Rodriguez\Downloads\QRCode\QRCode\Backup\reader\pattern\LogicalSeed.cs">
</Event><Event ErrorLevel="0" Project="QRCodeMobileLib" Source="QRCodeMobileLib\reader\QRCodeDataBlockReader.cs" Description="File successfully backed up as C:\Users\Vladimir Rodriguez\Downloads\QRCode\QRCode\Backup\reader\QRCodeDataBlockReader.cs">
</Event><Event ErrorLevel="0" Project="QRCodeMobileLib" Source="QRCodeMobileLib\reader\QRCodeImageReader.cs" Description="File successfully backed up as C:\Users\Vladimir Rodriguez\Downloads\QRCode\QRCode\Backup\reader\QRCodeImageReader.cs">
</Event><Event ErrorLevel="0" Project="QRCodeMobileLib" Source="QRCodeMobileLib\util\Color.cs" Description="File successfully backed up as C:\Users\Vladimir Rodriguez\Downloads\QRCode\QRCode\Backup\util\Color.cs">
</Event><Event ErrorLevel="0" Project="QRCodeMobileLib" Source="QRCodeMobileLib\util\ConsoleCanvas.cs" Description="File successfully backed up as C:\Users\Vladimir Rodriguez\Downloads\QRCode\QRCode\Backup\util\ConsoleCanvas.cs">
</Event><Event ErrorLevel="0" Project="QRCodeMobileLib" Source="QRCodeMobileLib\util\ContentConverter.cs" Description="File successfully backed up as C:\Users\Vladimir Rodriguez\Downloads\QRCode\QRCode\Backup\util\ContentConverter.cs">
</Event><Event ErrorLevel="0" Project="QRCodeMobileLib" Source="QRCodeMobileLib\util\DebugCanvas.cs" Description="File successfully backed up as C:\Users\Vladimir Rodriguez\Downloads\QRCode\QRCode\Backup\util\DebugCanvas.cs">
</Event><Event ErrorLevel="0" Project="QRCodeMobileLib" Source="QRCodeMobileLib\util\DebugCanvasAdapter.cs" Description="File successfully backed up as C:\Users\Vladimir Rodriguez\Downloads\QRCode\QRCode\Backup\util\DebugCanvasAdapter.cs">
</Event><Event ErrorLevel="0" Project="QRCodeMobileLib" Source="QRCodeMobileLib\util\QRCodeUtility.cs" Description="File successfully backed up as C:\Users\Vladimir Rodriguez\Downloads\QRCode\QRCode\Backup\util\QRCodeUtility.cs">
</Event><Event ErrorLevel="0" Project="QRCodeMobileLib" Source="QRCodeMobileLib\util\SystemUtils.cs" Description="File successfully backed up as C:\Users\Vladimir Rodriguez\Downloads\QRCode\QRCode\Backup\util\SystemUtils.cs">
</Event><Event ErrorLevel="0" Project="QRCodeMobileLib" Source="QRCodeMobileLib\Properties\Resources.resx" Description="File successfully backed up as C:\Users\Vladimir Rodriguez\Downloads\QRCode\QRCode\Backup\Properties\Resources.resx">
</Event><Event ErrorLevel="0" Project="QRCodeMobileLib" Source="QRCodeMobileLib\QRCodeMobileLib.csproj" Description="Project converted successfully">
</Event><Event ErrorLevel="3" Project="QRCodeMobileLib" Source="QRCodeMobileLib\QRCodeMobileLib.csproj" Description="Converted">
</Event></UpgradeLog>