<?xml version="1.0" encoding="UTF-8"?><?xml-stylesheet type='text/xsl' href='_UpgradeReport_Files/UpgradeReport.xslt'?><UpgradeLog>
<Properties><Property Name="Solution" Value="ThoughtWorks.QRCode">
</Property><Property Name="Solution File" Value="C:\Users\Vladimir Rodriguez\Downloads\QRCode\QRCode\ThoughtWorks.QRCode.sln">
</Property><Property Name="User Options File" Value="C:\Users\Vladimir Rodriguez\Downloads\QRCode\QRCode\ThoughtWorks.QRCode.suo">
</Property><Property Name="Date" Value="martes, 04 de diciembre de 2012">
</Property><Property Name="Time" Value="05:52 a.m.">
</Property><Property Name="Log Number" Value="3">
</Property></Properties><Event ErrorLevel="0" Project="" Source="ThoughtWorks.QRCode.sln" Description="File successfully backed up as C:\Users\Vladimir Rodriguez\Downloads\QRCode\QRCode\Backup2\ThoughtWorks.QRCode.sln">
</Event><Event ErrorLevel="0" Project="" Source="ThoughtWorks.QRCode.suo" Description="File successfully backed up as C:\Users\Vladimir Rodriguez\Downloads\QRCode\QRCode\Backup2\ThoughtWorks.QRCode.suo">
</Event><Event ErrorLevel="0" Project="QRCodeLib" Source="QRCodeLib\QRCodeLib.csproj" Description="Project file successfully backed up as C:\Users\Vladimir Rodriguez\Downloads\QRCode\QRCode\Backup2\QRCodeLib\QRCodeLib.csproj">
</Event><Event ErrorLevel="0" Project="QRCodeLib" Source="QRCodeLib\QRCodeLib.csproj.user" Description="Project user file successfully backed up as C:\Users\Vladimir Rodriguez\Downloads\QRCode\QRCode\Backup2\QRCodeLib\QRCodeLib.csproj.user">
</Event><Event ErrorLevel="0" Project="QRCodeLib" Source="QRCodeLib\AssemblyInfo.cs" Description="File successfully backed up as C:\Users\Vladimir Rodriguez\Downloads\QRCode\QRCode\Backup2\QRCodeLib\AssemblyInfo.cs">
</Event><Event ErrorLevel="0" Project="QRCodeLib" Source="QRCodeLib\data\QRCodeBitmapImage.cs" Description="File successfully backed up as C:\Users\Vladimir Rodriguez\Downloads\QRCode\QRCode\Backup2\QRCodeLib\data\QRCodeBitmapImage.cs">
</Event><Event ErrorLevel="0" Project="QRCodeLib" Source="QRCodeLib\data\QRCodeImage.cs" Description="File successfully backed up as C:\Users\Vladimir Rodriguez\Downloads\QRCode\QRCode\Backup2\QRCodeLib\data\QRCodeImage.cs">
</Event><Event ErrorLevel="0" Project="QRCodeLib" Source="QRCodeLib\data\QRCodeSymbol.cs" Description="File successfully backed up as C:\Users\Vladimir Rodriguez\Downloads\QRCode\QRCode\Backup2\QRCodeLib\data\QRCodeSymbol.cs">
</Event><Event ErrorLevel="0" Project="QRCodeLib" Source="QRCodeLib\ecc\BCH15_5.cs" Description="File successfully backed up as C:\Users\Vladimir Rodriguez\Downloads\QRCode\QRCode\Backup2\QRCodeLib\ecc\BCH15_5.cs">
</Event><Event ErrorLevel="0" Project="QRCodeLib" Source="QRCodeLib\ecc\ReedSolomon.cs" Description="File successfully backed up as C:\Users\Vladimir Rodriguez\Downloads\QRCode\QRCode\Backup2\QRCodeLib\ecc\ReedSolomon.cs">
</Event><Event ErrorLevel="0" Project="QRCodeLib" Source="QRCodeLib\exception\AlignmentPatternNotFoundException.cs" Description="File successfully backed up as C:\Users\Vladimir Rodriguez\Downloads\QRCode\QRCode\Backup2\QRCodeLib\exception\AlignmentPatternNotFoundException.cs">
</Event><Event ErrorLevel="0" Project="QRCodeLib" Source="QRCodeLib\exception\DecodingFailedException.cs" Description="File successfully backed up as C:\Users\Vladimir Rodriguez\Downloads\QRCode\QRCode\Backup2\QRCodeLib\exception\DecodingFailedException.cs">
</Event><Event ErrorLevel="0" Project="QRCodeLib" Source="QRCodeLib\exception\FinderPatternNotFoundException.cs" Description="File successfully backed up as C:\Users\Vladimir Rodriguez\Downloads\QRCode\QRCode\Backup2\QRCodeLib\exception\FinderPatternNotFoundException.cs">
</Event><Event ErrorLevel="0" Project="QRCodeLib" Source="QRCodeLib\exception\InvalidDataBlockException.cs" Description="File successfully backed up as C:\Users\Vladimir Rodriguez\Downloads\QRCode\QRCode\Backup2\QRCodeLib\exception\InvalidDataBlockException.cs">
</Event><Event ErrorLevel="0" Project="QRCodeLib" Source="QRCodeLib\exception\InvalidVersionException.cs" Description="File successfully backed up as C:\Users\Vladimir Rodriguez\Downloads\QRCode\QRCode\Backup2\QRCodeLib\exception\InvalidVersionException.cs">
</Event><Event ErrorLevel="0" Project="QRCodeLib" Source="QRCodeLib\exception\InvalidVersionInfoException.cs" Description="File successfully backed up as C:\Users\Vladimir Rodriguez\Downloads\QRCode\QRCode\Backup2\QRCodeLib\exception\InvalidVersionInfoException.cs">
</Event><Event ErrorLevel="0" Project="QRCodeLib" Source="QRCodeLib\exception\SymbolNotFoundException.cs" Description="File successfully backed up as C:\Users\Vladimir Rodriguez\Downloads\QRCode\QRCode\Backup2\QRCodeLib\exception\SymbolNotFoundException.cs">
</Event><Event ErrorLevel="0" Project="QRCodeLib" Source="QRCodeLib\exception\VersionInformationException.cs" Description="File successfully backed up as C:\Users\Vladimir Rodriguez\Downloads\QRCode\QRCode\Backup2\QRCodeLib\exception\VersionInformationException.cs">
</Event><Event ErrorLevel="0" Project="QRCodeLib" Source="QRCodeLib\geom\Axis.cs" Description="File successfully backed up as C:\Users\Vladimir Rodriguez\Downloads\QRCode\QRCode\Backup2\QRCodeLib\geom\Axis.cs">
</Event><Event ErrorLevel="0" Project="QRCodeLib" Source="QRCodeLib\geom\Line.cs" Description="File successfully backed up as C:\Users\Vladimir Rodriguez\Downloads\QRCode\QRCode\Backup2\QRCodeLib\geom\Line.cs">
</Event><Event ErrorLevel="0" Project="QRCodeLib" Source="QRCodeLib\geom\Point.cs" Description="File successfully backed up as C:\Users\Vladimir Rodriguez\Downloads\QRCode\QRCode\Backup2\QRCodeLib\geom\Point.cs">
</Event><Event ErrorLevel="0" Project="QRCodeLib" Source="QRCodeLib\geom\SamplingGrid.cs" Description="File successfully backed up as C:\Users\Vladimir Rodriguez\Downloads\QRCode\QRCode\Backup2\QRCodeLib\geom\SamplingGrid.cs">
</Event><Event ErrorLevel="0" Project="QRCodeLib" Source="QRCodeLib\Properties\Resources.Designer.cs" Description="File successfully backed up as C:\Users\Vladimir Rodriguez\Downloads\QRCode\QRCode\Backup2\QRCodeLib\Properties\Resources.Designer.cs">
</Event><Event ErrorLevel="0" Project="QRCodeLib" Source="QRCodeLib\QRCodeDecoder.cs" Description="File successfully backed up as C:\Users\Vladimir Rodriguez\Downloads\QRCode\QRCode\Backup2\QRCodeLib\QRCodeDecoder.cs">
</Event><Event ErrorLevel="0" Project="QRCodeLib" Source="QRCodeLib\QRCodeEncoder.cs" Description="File successfully backed up as C:\Users\Vladimir Rodriguez\Downloads\QRCode\QRCode\Backup2\QRCodeLib\QRCodeEncoder.cs">
</Event><Event ErrorLevel="0" Project="QRCodeLib" Source="QRCodeLib\reader\pattern\AlignmentPattern.cs" Description="File successfully backed up as C:\Users\Vladimir Rodriguez\Downloads\QRCode\QRCode\Backup2\QRCodeLib\reader\pattern\AlignmentPattern.cs">
</Event><Event ErrorLevel="0" Project="QRCodeLib" Source="QRCodeLib\reader\pattern\FinderPattern.cs" Description="File successfully backed up as C:\Users\Vladimir Rodriguez\Downloads\QRCode\QRCode\Backup2\QRCodeLib\reader\pattern\FinderPattern.cs">
</Event><Event ErrorLevel="0" Project="QRCodeLib" Source="QRCodeLib\reader\pattern\LogicalSeed.cs" Description="File successfully backed up as C:\Users\Vladimir Rodriguez\Downloads\QRCode\QRCode\Backup2\QRCodeLib\reader\pattern\LogicalSeed.cs">
</Event><Event ErrorLevel="0" Project="QRCodeLib" Source="QRCodeLib\reader\QRCodeDataBlockReader.cs" Description="File successfully backed up as C:\Users\Vladimir Rodriguez\Downloads\QRCode\QRCode\Backup2\QRCodeLib\reader\QRCodeDataBlockReader.cs">
</Event><Event ErrorLevel="0" Project="QRCodeLib" Source="QRCodeLib\reader\QRCodeImageReader.cs" Description="File successfully backed up as C:\Users\Vladimir Rodriguez\Downloads\QRCode\QRCode\Backup2\QRCodeLib\reader\QRCodeImageReader.cs">
</Event><Event ErrorLevel="0" Project="QRCodeLib" Source="QRCodeLib\util\ConsoleCanvas.cs" Description="File successfully backed up as C:\Users\Vladimir Rodriguez\Downloads\QRCode\QRCode\Backup2\QRCodeLib\util\ConsoleCanvas.cs">
</Event><Event ErrorLevel="0" Project="QRCodeLib" Source="QRCodeLib\util\SystemUtils.cs" Description="File successfully backed up as C:\Users\Vladimir Rodriguez\Downloads\QRCode\QRCode\Backup2\QRCodeLib\util\SystemUtils.cs">
</Event><Event ErrorLevel="0" Project="QRCodeLib" Source="QRCodeLib\util\Color.cs" Description="File successfully backed up as C:\Users\Vladimir Rodriguez\Downloads\QRCode\QRCode\Backup2\QRCodeLib\util\Color.cs">
</Event><Event ErrorLevel="0" Project="QRCodeLib" Source="QRCodeLib\util\ContentConverter.cs" Description="File successfully backed up as C:\Users\Vladimir Rodriguez\Downloads\QRCode\QRCode\Backup2\QRCodeLib\util\ContentConverter.cs">
</Event><Event ErrorLevel="0" Project="QRCodeLib" Source="QRCodeLib\util\DebugCanvas.cs" Description="File successfully backed up as C:\Users\Vladimir Rodriguez\Downloads\QRCode\QRCode\Backup2\QRCodeLib\util\DebugCanvas.cs">
</Event><Event ErrorLevel="0" Project="QRCodeLib" Source="QRCodeLib\util\DebugCanvasAdapter.cs" Description="File successfully backed up as C:\Users\Vladimir Rodriguez\Downloads\QRCode\QRCode\Backup2\QRCodeLib\util\DebugCanvasAdapter.cs">
</Event><Event ErrorLevel="0" Project="QRCodeLib" Source="QRCodeLib\util\QRCodeUtility.cs" Description="File successfully backed up as C:\Users\Vladimir Rodriguez\Downloads\QRCode\QRCode\Backup2\QRCodeLib\util\QRCodeUtility.cs">
</Event><Event ErrorLevel="0" Project="QRCodeLib" Source="QRCodeLib\Resources\qrv10_0.dat" Description="File successfully backed up as C:\Users\Vladimir Rodriguez\Downloads\QRCode\QRCode\Backup2\QRCodeLib\Resources\qrv10_0.dat">
</Event><Event ErrorLevel="0" Project="QRCodeLib" Source="QRCodeLib\Resources\qrv10_1.dat" Description="File successfully backed up as C:\Users\Vladimir Rodriguez\Downloads\QRCode\QRCode\Backup2\QRCodeLib\Resources\qrv10_1.dat">
</Event><Event ErrorLevel="0" Project="QRCodeLib" Source="QRCodeLib\Resources\qrv10_2.dat" Description="File successfully backed up as C:\Users\Vladimir Rodriguez\Downloads\QRCode\QRCode\Backup2\QRCodeLib\Resources\qrv10_2.dat">
</Event><Event ErrorLevel="0" Project="QRCodeLib" Source="QRCodeLib\Resources\qrv10_3.dat" Description="File successfully backed up as C:\Users\Vladimir Rodriguez\Downloads\QRCode\QRCode\Backup2\QRCodeLib\Resources\qrv10_3.dat">
</Event><Event ErrorLevel="0" Project="QRCodeLib" Source="QRCodeLib\Resources\qrv11_0.dat" Description="File successfully backed up as C:\Users\Vladimir Rodriguez\Downloads\QRCode\QRCode\Backup2\QRCodeLib\Resources\qrv11_0.dat">
</Event><Event ErrorLevel="0" Project="QRCodeLib" Source="QRCodeLib\Resources\qrv11_1.dat" Description="File successfully backed up as C:\Users\Vladimir Rodriguez\Downloads\QRCode\QRCode\Backup2\QRCodeLib\Resources\qrv11_1.dat">
</Event><Event ErrorLevel="0" Project="QRCodeLib" Source="QRCodeLib\Resources\qrv11_2.dat" Description="File successfully backed up as C:\Users\Vladimir Rodriguez\Downloads\QRCode\QRCode\Backup2\QRCodeLib\Resources\qrv11_2.dat">
</Event><Event ErrorLevel="0" Project="QRCodeLib" Source="QRCodeLib\Resources\qrv11_3.dat" Description="File successfully backed up as C:\Users\Vladimir Rodriguez\Downloads\QRCode\QRCode\Backup2\QRCodeLib\Resources\qrv11_3.dat">
</Event><Event ErrorLevel="0" Project="QRCodeLib" Source="QRCodeLib\Resources\qrv12_0.dat" Description="File successfully backed up as C:\Users\Vladimir Rodriguez\Downloads\QRCode\QRCode\Backup2\QRCodeLib\Resources\qrv12_0.dat">
</Event><Event ErrorLevel="0" Project="QRCodeLib" Source="QRCodeLib\Resources\qrv12_1.dat" Description="File successfully backed up as C:\Users\Vladimir Rodriguez\Downloads\QRCode\QRCode\Backup2\QRCodeLib\Resources\qrv12_1.dat">
</Event><Event ErrorLevel="0" Project="QRCodeLib" Source="QRCodeLib\Resources\qrv12_2.dat" Description="File successfully backed up as C:\Users\Vladimir Rodriguez\Downloads\QRCode\QRCode\Backup2\QRCodeLib\Resources\qrv12_2.dat">
</Event><Event ErrorLevel="0" Project="QRCodeLib" Source="QRCodeLib\Resources\qrv12_3.dat" Description="File successfully backed up as C:\Users\Vladimir Rodriguez\Downloads\QRCode\QRCode\Backup2\QRCodeLib\Resources\qrv12_3.dat">
</Event><Event ErrorLevel="0" Project="QRCodeLib" Source="QRCodeLib\Resources\qrv13_0.dat" Description="File successfully backed up as C:\Users\Vladimir Rodriguez\Downloads\QRCode\QRCode\Backup2\QRCodeLib\Resources\qrv13_0.dat">
</Event><Event ErrorLevel="0" Project="QRCodeLib" Source="QRCodeLib\Resources\qrv13_1.dat" Description="File successfully backed up as C:\Users\Vladimir Rodriguez\Downloads\QRCode\QRCode\Backup2\QRCodeLib\Resources\qrv13_1.dat">
</Event><Event ErrorLevel="0" Project="QRCodeLib" Source="QRCodeLib\Resources\qrv13_2.dat" Description="File successfully backed up as C:\Users\Vladimir Rodriguez\Downloads\QRCode\QRCode\Backup2\QRCodeLib\Resources\qrv13_2.dat">
</Event><Event ErrorLevel="0" Project="QRCodeLib" Source="QRCodeLib\Resources\qrv13_3.dat" Description="File successfully backed up as C:\Users\Vladimir Rodriguez\Downloads\QRCode\QRCode\Backup2\QRCodeLib\Resources\qrv13_3.dat">
</Event><Event ErrorLevel="0" Project="QRCodeLib" Source="QRCodeLib\Resources\qrv14_0.dat" Description="File successfully backed up as C:\Users\Vladimir Rodriguez\Downloads\QRCode\QRCode\Backup2\QRCodeLib\Resources\qrv14_0.dat">
</Event><Event ErrorLevel="0" Project="QRCodeLib" Source="QRCodeLib\Resources\qrv14_1.dat" Description="File successfully backed up as C:\Users\Vladimir Rodriguez\Downloads\QRCode\QRCode\Backup2\QRCodeLib\Resources\qrv14_1.dat">
</Event><Event ErrorLevel="0" Project="QRCodeLib" Source="QRCodeLib\Resources\qrv14_2.dat" Description="File successfully backed up as C:\Users\Vladimir Rodriguez\Downloads\QRCode\QRCode\Backup2\QRCodeLib\Resources\qrv14_2.dat">
</Event><Event ErrorLevel="0" Project="QRCodeLib" Source="QRCodeLib\Resources\qrv14_3.dat" Description="File successfully backed up as C:\Users\Vladimir Rodriguez\Downloads\QRCode\QRCode\Backup2\QRCodeLib\Resources\qrv14_3.dat">
</Event><Event ErrorLevel="0" Project="QRCodeLib" Source="QRCodeLib\Resources\qrv15_0.dat" Description="File successfully backed up as C:\Users\Vladimir Rodriguez\Downloads\QRCode\QRCode\Backup2\QRCodeLib\Resources\qrv15_0.dat">
</Event><Event ErrorLevel="0" Project="QRCodeLib" Source="QRCodeLib\Resources\qrv15_1.dat" Description="File successfully backed up as C:\Users\Vladimir Rodriguez\Downloads\QRCode\QRCode\Backup2\QRCodeLib\Resources\qrv15_1.dat">
</Event><Event ErrorLevel="0" Project="QRCodeLib" Source="QRCodeLib\Resources\qrv15_2.dat" Description="File successfully backed up as C:\Users\Vladimir Rodriguez\Downloads\QRCode\QRCode\Backup2\QRCodeLib\Resources\qrv15_2.dat">
</Event><Event ErrorLevel="0" Project="QRCodeLib" Source="QRCodeLib\Resources\qrv15_3.dat" Description="File successfully backed up as C:\Users\Vladimir Rodriguez\Downloads\QRCode\QRCode\Backup2\QRCodeLib\Resources\qrv15_3.dat">
</Event><Event ErrorLevel="0" Project="QRCodeLib" Source="QRCodeLib\Resources\qrv16_0.dat" Description="File successfully backed up as C:\Users\Vladimir Rodriguez\Downloads\QRCode\QRCode\Backup2\QRCodeLib\Resources\qrv16_0.dat">
</Event><Event ErrorLevel="0" Project="QRCodeLib" Source="QRCodeLib\Resources\qrv16_1.dat" Description="File successfully backed up as C:\Users\Vladimir Rodriguez\Downloads\QRCode\QRCode\Backup2\QRCodeLib\Resources\qrv16_1.dat">
</Event><Event ErrorLevel="0" Project="QRCodeLib" Source="QRCodeLib\Resources\qrv16_2.dat" Description="File successfully backed up as C:\Users\Vladimir Rodriguez\Downloads\QRCode\QRCode\Backup2\QRCodeLib\Resources\qrv16_2.dat">
</Event><Event ErrorLevel="0" Project="QRCodeLib" Source="QRCodeLib\Resources\qrv16_3.dat" Description="File successfully backed up as C:\Users\Vladimir Rodriguez\Downloads\QRCode\QRCode\Backup2\QRCodeLib\Resources\qrv16_3.dat">
</Event><Event ErrorLevel="0" Project="QRCodeLib" Source="QRCodeLib\Resources\qrv17_0.dat" Description="File successfully backed up as C:\Users\Vladimir Rodriguez\Downloads\QRCode\QRCode\Backup2\QRCodeLib\Resources\qrv17_0.dat">
</Event><Event ErrorLevel="0" Project="QRCodeLib" Source="QRCodeLib\Resources\qrv17_1.dat" Description="File successfully backed up as C:\Users\Vladimir Rodriguez\Downloads\QRCode\QRCode\Backup2\QRCodeLib\Resources\qrv17_1.dat">
</Event><Event ErrorLevel="0" Project="QRCodeLib" Source="QRCodeLib\Resources\qrv17_2.dat" Description="File successfully backed up as C:\Users\Vladimir Rodriguez\Downloads\QRCode\QRCode\Backup2\QRCodeLib\Resources\qrv17_2.dat">
</Event><Event ErrorLevel="0" Project="QRCodeLib" Source="QRCodeLib\Resources\qrv17_3.dat" Description="File successfully backed up as C:\Users\Vladimir Rodriguez\Downloads\QRCode\QRCode\Backup2\QRCodeLib\Resources\qrv17_3.dat">
</Event><Event ErrorLevel="0" Project="QRCodeLib" Source="QRCodeLib\Resources\qrv18_0.dat" Description="File successfully backed up as C:\Users\Vladimir Rodriguez\Downloads\QRCode\QRCode\Backup2\QRCodeLib\Resources\qrv18_0.dat">
</Event><Event ErrorLevel="0" Project="QRCodeLib" Source="QRCodeLib\Resources\qrv18_1.dat" Description="File successfully backed up as C:\Users\Vladimir Rodriguez\Downloads\QRCode\QRCode\Backup2\QRCodeLib\Resources\qrv18_1.dat">
</Event><Event ErrorLevel="0" Project="QRCodeLib" Source="QRCodeLib\Resources\qrv18_2.dat" Description="File successfully backed up as C:\Users\Vladimir Rodriguez\Downloads\QRCode\QRCode\Backup2\QRCodeLib\Resources\qrv18_2.dat">
</Event><Event ErrorLevel="0" Project="QRCodeLib" Source="QRCodeLib\Resources\qrv18_3.dat" Description="File successfully backed up as C:\Users\Vladimir Rodriguez\Downloads\QRCode\QRCode\Backup2\QRCodeLib\Resources\qrv18_3.dat">
</Event><Event ErrorLevel="0" Project="QRCodeLib" Source="QRCodeLib\Resources\qrv19_0.dat" Description="File successfully backed up as C:\Users\Vladimir Rodriguez\Downloads\QRCode\QRCode\Backup2\QRCodeLib\Resources\qrv19_0.dat">
</Event><Event ErrorLevel="0" Project="QRCodeLib" Source="QRCodeLib\Resources\qrv19_1.dat" Description="File successfully backed up as C:\Users\Vladimir Rodriguez\Downloads\QRCode\QRCode\Backup2\QRCodeLib\Resources\qrv19_1.dat">
</Event><Event ErrorLevel="0" Project="QRCodeLib" Source="QRCodeLib\Resources\qrv19_2.dat" Description="File successfully backed up as C:\Users\Vladimir Rodriguez\Downloads\QRCode\QRCode\Backup2\QRCodeLib\Resources\qrv19_2.dat">
</Event><Event ErrorLevel="0" Project="QRCodeLib" Source="QRCodeLib\Resources\qrv19_3.dat" Description="File successfully backed up as C:\Users\Vladimir Rodriguez\Downloads\QRCode\QRCode\Backup2\QRCodeLib\Resources\qrv19_3.dat">
</Event><Event ErrorLevel="0" Project="QRCodeLib" Source="QRCodeLib\Resources\qrv1_0.dat" Description="File successfully backed up as C:\Users\Vladimir Rodriguez\Downloads\QRCode\QRCode\Backup2\QRCodeLib\Resources\qrv1_0.dat">
</Event><Event ErrorLevel="0" Project="QRCodeLib" Source="QRCodeLib\Resources\qrv1_1.dat" Description="File successfully backed up as C:\Users\Vladimir Rodriguez\Downloads\QRCode\QRCode\Backup2\QRCodeLib\Resources\qrv1_1.dat">
</Event><Event ErrorLevel="0" Project="QRCodeLib" Source="QRCodeLib\Resources\qrv1_2.dat" Description="File successfully backed up as C:\Users\Vladimir Rodriguez\Downloads\QRCode\QRCode\Backup2\QRCodeLib\Resources\qrv1_2.dat">
</Event><Event ErrorLevel="0" Project="QRCodeLib" Source="QRCodeLib\Resources\qrv1_3.dat" Description="File successfully backed up as C:\Users\Vladimir Rodriguez\Downloads\QRCode\QRCode\Backup2\QRCodeLib\Resources\qrv1_3.dat">
</Event><Event ErrorLevel="0" Project="QRCodeLib" Source="QRCodeLib\Resources\qrv20_0.dat" Description="File successfully backed up as C:\Users\Vladimir Rodriguez\Downloads\QRCode\QRCode\Backup2\QRCodeLib\Resources\qrv20_0.dat">
</Event><Event ErrorLevel="0" Project="QRCodeLib" Source="QRCodeLib\Resources\qrv20_1.dat" Description="File successfully backed up as C:\Users\Vladimir Rodriguez\Downloads\QRCode\QRCode\Backup2\QRCodeLib\Resources\qrv20_1.dat">
</Event><Event ErrorLevel="0" Project="QRCodeLib" Source="QRCodeLib\Resources\qrv20_2.dat" Description="File successfully backed up as C:\Users\Vladimir Rodriguez\Downloads\QRCode\QRCode\Backup2\QRCodeLib\Resources\qrv20_2.dat">
</Event><Event ErrorLevel="0" Project="QRCodeLib" Source="QRCodeLib\Resources\qrv20_3.dat" Description="File successfully backed up as C:\Users\Vladimir Rodriguez\Downloads\QRCode\QRCode\Backup2\QRCodeLib\Resources\qrv20_3.dat">
</Event><Event ErrorLevel="0" Project="QRCodeLib" Source="QRCodeLib\Resources\qrv21_0.dat" Description="File successfully backed up as C:\Users\Vladimir Rodriguez\Downloads\QRCode\QRCode\Backup2\QRCodeLib\Resources\qrv21_0.dat">
</Event><Event ErrorLevel="0" Project="QRCodeLib" Source="QRCodeLib\Resources\qrv21_1.dat" Description="File successfully backed up as C:\Users\Vladimir Rodriguez\Downloads\QRCode\QRCode\Backup2\QRCodeLib\Resources\qrv21_1.dat">
</Event><Event ErrorLevel="0" Project="QRCodeLib" Source="QRCodeLib\Resources\qrv21_2.dat" Description="File successfully backed up as C:\Users\Vladimir Rodriguez\Downloads\QRCode\QRCode\Backup2\QRCodeLib\Resources\qrv21_2.dat">
</Event><Event ErrorLevel="0" Project="QRCodeLib" Source="QRCodeLib\Resources\qrv21_3.dat" Description="File successfully backed up as C:\Users\Vladimir Rodriguez\Downloads\QRCode\QRCode\Backup2\QRCodeLib\Resources\qrv21_3.dat">
</Event><Event ErrorLevel="0" Project="QRCodeLib" Source="QRCodeLib\Resources\qrv22_0.dat" Description="File successfully backed up as C:\Users\Vladimir Rodriguez\Downloads\QRCode\QRCode\Backup2\QRCodeLib\Resources\qrv22_0.dat">
</Event><Event ErrorLevel="0" Project="QRCodeLib" Source="QRCodeLib\Resources\qrv22_1.dat" Description="File successfully backed up as C:\Users\Vladimir Rodriguez\Downloads\QRCode\QRCode\Backup2\QRCodeLib\Resources\qrv22_1.dat">
</Event><Event ErrorLevel="0" Project="QRCodeLib" Source="QRCodeLib\Resources\qrv22_2.dat" Description="File successfully backed up as C:\Users\Vladimir Rodriguez\Downloads\QRCode\QRCode\Backup2\QRCodeLib\Resources\qrv22_2.dat">
</Event><Event ErrorLevel="0" Project="QRCodeLib" Source="QRCodeLib\Resources\qrv22_3.dat" Description="File successfully backed up as C:\Users\Vladimir Rodriguez\Downloads\QRCode\QRCode\Backup2\QRCodeLib\Resources\qrv22_3.dat">
</Event><Event ErrorLevel="0" Project="QRCodeLib" Source="QRCodeLib\Resources\qrv23_0.dat" Description="File successfully backed up as C:\Users\Vladimir Rodriguez\Downloads\QRCode\QRCode\Backup2\QRCodeLib\Resources\qrv23_0.dat">
</Event><Event ErrorLevel="0" Project="QRCodeLib" Source="QRCodeLib\Resources\qrv23_1.dat" Description="File successfully backed up as C:\Users\Vladimir Rodriguez\Downloads\QRCode\QRCode\Backup2\QRCodeLib\Resources\qrv23_1.dat">
</Event><Event ErrorLevel="0" Project="QRCodeLib" Source="QRCodeLib\Resources\qrv23_2.dat" Description="File successfully backed up as C:\Users\Vladimir Rodriguez\Downloads\QRCode\QRCode\Backup2\QRCodeLib\Resources\qrv23_2.dat">
</Event><Event ErrorLevel="0" Project="QRCodeLib" Source="QRCodeLib\Resources\qrv23_3.dat" Description="File successfully backed up as C:\Users\Vladimir Rodriguez\Downloads\QRCode\QRCode\Backup2\QRCodeLib\Resources\qrv23_3.dat">
</Event><Event ErrorLevel="0" Project="QRCodeLib" Source="QRCodeLib\Resources\qrv24_0.dat" Description="File successfully backed up as C:\Users\Vladimir Rodriguez\Downloads\QRCode\QRCode\Backup2\QRCodeLib\Resources\qrv24_0.dat">
</Event><Event ErrorLevel="0" Project="QRCodeLib" Source="QRCodeLib\Resources\qrv24_1.dat" Description="File successfully backed up as C:\Users\Vladimir Rodriguez\Downloads\QRCode\QRCode\Backup2\QRCodeLib\Resources\qrv24_1.dat">
</Event><Event ErrorLevel="0" Project="QRCodeLib" Source="QRCodeLib\Resources\qrv24_2.dat" Description="File successfully backed up as C:\Users\Vladimir Rodriguez\Downloads\QRCode\QRCode\Backup2\QRCodeLib\Resources\qrv24_2.dat">
</Event><Event ErrorLevel="0" Project="QRCodeLib" Source="QRCodeLib\Resources\qrv24_3.dat" Description="File successfully backed up as C:\Users\Vladimir Rodriguez\Downloads\QRCode\QRCode\Backup2\QRCodeLib\Resources\qrv24_3.dat">
</Event><Event ErrorLevel="0" Project="QRCodeLib" Source="QRCodeLib\Resources\qrv25_0.dat" Description="File successfully backed up as C:\Users\Vladimir Rodriguez\Downloads\QRCode\QRCode\Backup2\QRCodeLib\Resources\qrv25_0.dat">
</Event><Event ErrorLevel="0" Project="QRCodeLib" Source="QRCodeLib\Resources\qrv25_1.dat" Description="File successfully backed up as C:\Users\Vladimir Rodriguez\Downloads\QRCode\QRCode\Backup2\QRCodeLib\Resources\qrv25_1.dat">
</Event><Event ErrorLevel="0" Project="QRCodeLib" Source="QRCodeLib\Resources\qrv25_2.dat" Description="File successfully backed up as C:\Users\Vladimir Rodriguez\Downloads\QRCode\QRCode\Backup2\QRCodeLib\Resources\qrv25_2.dat">
</Event><Event ErrorLevel="0" Project="QRCodeLib" Source="QRCodeLib\Resources\qrv25_3.dat" Description="File successfully backed up as C:\Users\Vladimir Rodriguez\Downloads\QRCode\QRCode\Backup2\QRCodeLib\Resources\qrv25_3.dat">
</Event><Event ErrorLevel="0" Project="QRCodeLib" Source="QRCodeLib\Resources\qrv26_0.dat" Description="File successfully backed up as C:\Users\Vladimir Rodriguez\Downloads\QRCode\QRCode\Backup2\QRCodeLib\Resources\qrv26_0.dat">
</Event><Event ErrorLevel="0" Project="QRCodeLib" Source="QRCodeLib\Resources\qrv26_1.dat" Description="File successfully backed up as C:\Users\Vladimir Rodriguez\Downloads\QRCode\QRCode\Backup2\QRCodeLib\Resources\qrv26_1.dat">
</Event><Event ErrorLevel="0" Project="QRCodeLib" Source="QRCodeLib\Resources\qrv26_2.dat" Description="File successfully backed up as C:\Users\Vladimir Rodriguez\Downloads\QRCode\QRCode\Backup2\QRCodeLib\Resources\qrv26_2.dat">
</Event><Event ErrorLevel="0" Project="QRCodeLib" Source="QRCodeLib\Resources\qrv26_3.dat" Description="File successfully backed up as C:\Users\Vladimir Rodriguez\Downloads\QRCode\QRCode\Backup2\QRCodeLib\Resources\qrv26_3.dat">
</Event><Event ErrorLevel="0" Project="QRCodeLib" Source="QRCodeLib\Resources\qrv27_0.dat" Description="File successfully backed up as C:\Users\Vladimir Rodriguez\Downloads\QRCode\QRCode\Backup2\QRCodeLib\Resources\qrv27_0.dat">
</Event><Event ErrorLevel="0" Project="QRCodeLib" Source="QRCodeLib\Resources\qrv27_1.dat" Description="File successfully backed up as C:\Users\Vladimir Rodriguez\Downloads\QRCode\QRCode\Backup2\QRCodeLib\Resources\qrv27_1.dat">
</Event><Event ErrorLevel="0" Project="QRCodeLib" Source="QRCodeLib\Resources\qrv27_2.dat" Description="File successfully backed up as C:\Users\Vladimir Rodriguez\Downloads\QRCode\QRCode\Backup2\QRCodeLib\Resources\qrv27_2.dat">
</Event><Event ErrorLevel="0" Project="QRCodeLib" Source="QRCodeLib\Resources\qrv27_3.dat" Description="File successfully backed up as C:\Users\Vladimir Rodriguez\Downloads\QRCode\QRCode\Backup2\QRCodeLib\Resources\qrv27_3.dat">
</Event><Event ErrorLevel="0" Project="QRCodeLib" Source="QRCodeLib\Resources\qrv28_0.dat" Description="File successfully backed up as C:\Users\Vladimir Rodriguez\Downloads\QRCode\QRCode\Backup2\QRCodeLib\Resources\qrv28_0.dat">
</Event><Event ErrorLevel="0" Project="QRCodeLib" Source="QRCodeLib\Resources\qrv28_1.dat" Description="File successfully backed up as C:\Users\Vladimir Rodriguez\Downloads\QRCode\QRCode\Backup2\QRCodeLib\Resources\qrv28_1.dat">
</Event><Event ErrorLevel="0" Project="QRCodeLib" Source="QRCodeLib\Resources\qrv28_2.dat" Description="File successfully backed up as C:\Users\Vladimir Rodriguez\Downloads\QRCode\QRCode\Backup2\QRCodeLib\Resources\qrv28_2.dat">
</Event><Event ErrorLevel="0" Project="QRCodeLib" Source="QRCodeLib\Resources\qrv28_3.dat" Description="File successfully backed up as C:\Users\Vladimir Rodriguez\Downloads\QRCode\QRCode\Backup2\QRCodeLib\Resources\qrv28_3.dat">
</Event><Event ErrorLevel="0" Project="QRCodeLib" Source="QRCodeLib\Resources\qrv29_0.dat" Description="File successfully backed up as C:\Users\Vladimir Rodriguez\Downloads\QRCode\QRCode\Backup2\QRCodeLib\Resources\qrv29_0.dat">
</Event><Event ErrorLevel="0" Project="QRCodeLib" Source="QRCodeLib\Resources\qrv29_1.dat" Description="File successfully backed up as C:\Users\Vladimir Rodriguez\Downloads\QRCode\QRCode\Backup2\QRCodeLib\Resources\qrv29_1.dat">
</Event><Event ErrorLevel="0" Project="QRCodeLib" Source="QRCodeLib\Resources\qrv29_2.dat" Description="File successfully backed up as C:\Users\Vladimir Rodriguez\Downloads\QRCode\QRCode\Backup2\QRCodeLib\Resources\qrv29_2.dat">
</Event><Event ErrorLevel="0" Project="QRCodeLib" Source="QRCodeLib\Resources\qrv29_3.dat" Description="File successfully backed up as C:\Users\Vladimir Rodriguez\Downloads\QRCode\QRCode\Backup2\QRCodeLib\Resources\qrv29_3.dat">
</Event><Event ErrorLevel="0" Project="QRCodeLib" Source="QRCodeLib\Resources\qrv2_0.dat" Description="File successfully backed up as C:\Users\Vladimir Rodriguez\Downloads\QRCode\QRCode\Backup2\QRCodeLib\Resources\qrv2_0.dat">
</Event><Event ErrorLevel="0" Project="QRCodeLib" Source="QRCodeLib\Resources\qrv2_1.dat" Description="File successfully backed up as C:\Users\Vladimir Rodriguez\Downloads\QRCode\QRCode\Backup2\QRCodeLib\Resources\qrv2_1.dat">
</Event><Event ErrorLevel="0" Project="QRCodeLib" Source="QRCodeLib\Resources\qrv2_2.dat" Description="File successfully backed up as C:\Users\Vladimir Rodriguez\Downloads\QRCode\QRCode\Backup2\QRCodeLib\Resources\qrv2_2.dat">
</Event><Event ErrorLevel="0" Project="QRCodeLib" Source="QRCodeLib\Resources\qrv2_3.dat" Description="File successfully backed up as C:\Users\Vladimir Rodriguez\Downloads\QRCode\QRCode\Backup2\QRCodeLib\Resources\qrv2_3.dat">
</Event><Event ErrorLevel="0" Project="QRCodeLib" Source="QRCodeLib\Resources\qrv30_0.dat" Description="File successfully backed up as C:\Users\Vladimir Rodriguez\Downloads\QRCode\QRCode\Backup2\QRCodeLib\Resources\qrv30_0.dat">
</Event><Event ErrorLevel="0" Project="QRCodeLib" Source="QRCodeLib\Resources\qrv30_1.dat" Description="File successfully backed up as C:\Users\Vladimir Rodriguez\Downloads\QRCode\QRCode\Backup2\QRCodeLib\Resources\qrv30_1.dat">
</Event><Event ErrorLevel="0" Project="QRCodeLib" Source="QRCodeLib\Resources\qrv30_2.dat" Description="File successfully backed up as C:\Users\Vladimir Rodriguez\Downloads\QRCode\QRCode\Backup2\QRCodeLib\Resources\qrv30_2.dat">
</Event><Event ErrorLevel="0" Project="QRCodeLib" Source="QRCodeLib\Resources\qrv30_3.dat" Description="File successfully backed up as C:\Users\Vladimir Rodriguez\Downloads\QRCode\QRCode\Backup2\QRCodeLib\Resources\qrv30_3.dat">
</Event><Event ErrorLevel="0" Project="QRCodeLib" Source="QRCodeLib\Resources\qrv31_0.dat" Description="File successfully backed up as C:\Users\Vladimir Rodriguez\Downloads\QRCode\QRCode\Backup2\QRCodeLib\Resources\qrv31_0.dat">
</Event><Event ErrorLevel="0" Project="QRCodeLib" Source="QRCodeLib\Resources\qrv31_1.dat" Description="File successfully backed up as C:\Users\Vladimir Rodriguez\Downloads\QRCode\QRCode\Backup2\QRCodeLib\Resources\qrv31_1.dat">
</Event><Event ErrorLevel="0" Project="QRCodeLib" Source="QRCodeLib\Resources\qrv31_2.dat" Description="File successfully backed up as C:\Users\Vladimir Rodriguez\Downloads\QRCode\QRCode\Backup2\QRCodeLib\Resources\qrv31_2.dat">
</Event><Event ErrorLevel="0" Project="QRCodeLib" Source="QRCodeLib\Resources\qrv31_3.dat" Description="File successfully backed up as C:\Users\Vladimir Rodriguez\Downloads\QRCode\QRCode\Backup2\QRCodeLib\Resources\qrv31_3.dat">
</Event><Event ErrorLevel="0" Project="QRCodeLib" Source="QRCodeLib\Resources\qrv32_0.dat" Description="File successfully backed up as C:\Users\Vladimir Rodriguez\Downloads\QRCode\QRCode\Backup2\QRCodeLib\Resources\qrv32_0.dat">
</Event><Event ErrorLevel="0" Project="QRCodeLib" Source="QRCodeLib\Resources\qrv32_1.dat" Description="File successfully backed up as C:\Users\Vladimir Rodriguez\Downloads\QRCode\QRCode\Backup2\QRCodeLib\Resources\qrv32_1.dat">
</Event><Event ErrorLevel="0" Project="QRCodeLib" Source="QRCodeLib\Resources\qrv32_2.dat" Description="File successfully backed up as C:\Users\Vladimir Rodriguez\Downloads\QRCode\QRCode\Backup2\QRCodeLib\Resources\qrv32_2.dat">
</Event><Event ErrorLevel="0" Project="QRCodeLib" Source="QRCodeLib\Resources\qrv32_3.dat" Description="File successfully backed up as C:\Users\Vladimir Rodriguez\Downloads\QRCode\QRCode\Backup2\QRCodeLib\Resources\qrv32_3.dat">
</Event><Event ErrorLevel="0" Project="QRCodeLib" Source="QRCodeLib\Resources\qrv33_0.dat" Description="File successfully backed up as C:\Users\Vladimir Rodriguez\Downloads\QRCode\QRCode\Backup2\QRCodeLib\Resources\qrv33_0.dat">
</Event><Event ErrorLevel="0" Project="QRCodeLib" Source="QRCodeLib\Resources\qrv33_1.dat" Description="File successfully backed up as C:\Users\Vladimir Rodriguez\Downloads\QRCode\QRCode\Backup2\QRCodeLib\Resources\qrv33_1.dat">
</Event><Event ErrorLevel="0" Project="QRCodeLib" Source="QRCodeLib\Resources\qrv33_2.dat" Description="File successfully backed up as C:\Users\Vladimir Rodriguez\Downloads\QRCode\QRCode\Backup2\QRCodeLib\Resources\qrv33_2.dat">
</Event><Event ErrorLevel="0" Project="QRCodeLib" Source="QRCodeLib\Resources\qrv33_3.dat" Description="File successfully backed up as C:\Users\Vladimir Rodriguez\Downloads\QRCode\QRCode\Backup2\QRCodeLib\Resources\qrv33_3.dat">
</Event><Event ErrorLevel="0" Project="QRCodeLib" Source="QRCodeLib\Resources\qrv34_0.dat" Description="File successfully backed up as C:\Users\Vladimir Rodriguez\Downloads\QRCode\QRCode\Backup2\QRCodeLib\Resources\qrv34_0.dat">
</Event><Event ErrorLevel="0" Project="QRCodeLib" Source="QRCodeLib\Resources\qrv34_1.dat" Description="File successfully backed up as C:\Users\Vladimir Rodriguez\Downloads\QRCode\QRCode\Backup2\QRCodeLib\Resources\qrv34_1.dat">
</Event><Event ErrorLevel="0" Project="QRCodeLib" Source="QRCodeLib\Resources\qrv34_2.dat" Description="File successfully backed up as C:\Users\Vladimir Rodriguez\Downloads\QRCode\QRCode\Backup2\QRCodeLib\Resources\qrv34_2.dat">
</Event><Event ErrorLevel="0" Project="QRCodeLib" Source="QRCodeLib\Resources\qrv34_3.dat" Description="File successfully backed up as C:\Users\Vladimir Rodriguez\Downloads\QRCode\QRCode\Backup2\QRCodeLib\Resources\qrv34_3.dat">
</Event><Event ErrorLevel="0" Project="QRCodeLib" Source="QRCodeLib\Resources\qrv35_0.dat" Description="File successfully backed up as C:\Users\Vladimir Rodriguez\Downloads\QRCode\QRCode\Backup2\QRCodeLib\Resources\qrv35_0.dat">
</Event><Event ErrorLevel="0" Project="QRCodeLib" Source="QRCodeLib\Resources\qrv35_1.dat" Description="File successfully backed up as C:\Users\Vladimir Rodriguez\Downloads\QRCode\QRCode\Backup2\QRCodeLib\Resources\qrv35_1.dat">
</Event><Event ErrorLevel="0" Project="QRCodeLib" Source="QRCodeLib\Resources\qrv35_2.dat" Description="File successfully backed up as C:\Users\Vladimir Rodriguez\Downloads\QRCode\QRCode\Backup2\QRCodeLib\Resources\qrv35_2.dat">
</Event><Event ErrorLevel="0" Project="QRCodeLib" Source="QRCodeLib\Resources\qrv35_3.dat" Description="File successfully backed up as C:\Users\Vladimir Rodriguez\Downloads\QRCode\QRCode\Backup2\QRCodeLib\Resources\qrv35_3.dat">
</Event><Event ErrorLevel="0" Project="QRCodeLib" Source="QRCodeLib\Resources\qrv36_0.dat" Description="File successfully backed up as C:\Users\Vladimir Rodriguez\Downloads\QRCode\QRCode\Backup2\QRCodeLib\Resources\qrv36_0.dat">
</Event><Event ErrorLevel="0" Project="QRCodeLib" Source="QRCodeLib\Resources\qrv36_1.dat" Description="File successfully backed up as C:\Users\Vladimir Rodriguez\Downloads\QRCode\QRCode\Backup2\QRCodeLib\Resources\qrv36_1.dat">
</Event><Event ErrorLevel="0" Project="QRCodeLib" Source="QRCodeLib\Resources\qrv36_2.dat" Description="File successfully backed up as C:\Users\Vladimir Rodriguez\Downloads\QRCode\QRCode\Backup2\QRCodeLib\Resources\qrv36_2.dat">
</Event><Event ErrorLevel="0" Project="QRCodeLib" Source="QRCodeLib\Resources\qrv36_3.dat" Description="File successfully backed up as C:\Users\Vladimir Rodriguez\Downloads\QRCode\QRCode\Backup2\QRCodeLib\Resources\qrv36_3.dat">
</Event><Event ErrorLevel="0" Project="QRCodeLib" Source="QRCodeLib\Resources\qrv37_0.dat" Description="File successfully backed up as C:\Users\Vladimir Rodriguez\Downloads\QRCode\QRCode\Backup2\QRCodeLib\Resources\qrv37_0.dat">
</Event><Event ErrorLevel="0" Project="QRCodeLib" Source="QRCodeLib\Resources\qrv37_1.dat" Description="File successfully backed up as C:\Users\Vladimir Rodriguez\Downloads\QRCode\QRCode\Backup2\QRCodeLib\Resources\qrv37_1.dat">
</Event><Event ErrorLevel="0" Project="QRCodeLib" Source="QRCodeLib\Resources\qrv37_2.dat" Description="File successfully backed up as C:\Users\Vladimir Rodriguez\Downloads\QRCode\QRCode\Backup2\QRCodeLib\Resources\qrv37_2.dat">
</Event><Event ErrorLevel="0" Project="QRCodeLib" Source="QRCodeLib\Resources\qrv37_3.dat" Description="File successfully backed up as C:\Users\Vladimir Rodriguez\Downloads\QRCode\QRCode\Backup2\QRCodeLib\Resources\qrv37_3.dat">
</Event><Event ErrorLevel="0" Project="QRCodeLib" Source="QRCodeLib\Resources\qrv38_0.dat" Description="File successfully backed up as C:\Users\Vladimir Rodriguez\Downloads\QRCode\QRCode\Backup2\QRCodeLib\Resources\qrv38_0.dat">
</Event><Event ErrorLevel="0" Project="QRCodeLib" Source="QRCodeLib\Resources\qrv38_1.dat" Description="File successfully backed up as C:\Users\Vladimir Rodriguez\Downloads\QRCode\QRCode\Backup2\QRCodeLib\Resources\qrv38_1.dat">
</Event><Event ErrorLevel="0" Project="QRCodeLib" Source="QRCodeLib\Resources\qrv38_2.dat" Description="File successfully backed up as C:\Users\Vladimir Rodriguez\Downloads\QRCode\QRCode\Backup2\QRCodeLib\Resources\qrv38_2.dat">
</Event><Event ErrorLevel="0" Project="QRCodeLib" Source="QRCodeLib\Resources\qrv38_3.dat" Description="File successfully backed up as C:\Users\Vladimir Rodriguez\Downloads\QRCode\QRCode\Backup2\QRCodeLib\Resources\qrv38_3.dat">
</Event><Event ErrorLevel="0" Project="QRCodeLib" Source="QRCodeLib\Resources\qrv39_0.dat" Description="File successfully backed up as C:\Users\Vladimir Rodriguez\Downloads\QRCode\QRCode\Backup2\QRCodeLib\Resources\qrv39_0.dat">
</Event><Event ErrorLevel="0" Project="QRCodeLib" Source="QRCodeLib\Resources\qrv39_1.dat" Description="File successfully backed up as C:\Users\Vladimir Rodriguez\Downloads\QRCode\QRCode\Backup2\QRCodeLib\Resources\qrv39_1.dat">
</Event><Event ErrorLevel="0" Project="QRCodeLib" Source="QRCodeLib\Resources\qrv39_2.dat" Description="File successfully backed up as C:\Users\Vladimir Rodriguez\Downloads\QRCode\QRCode\Backup2\QRCodeLib\Resources\qrv39_2.dat">
</Event><Event ErrorLevel="0" Project="QRCodeLib" Source="QRCodeLib\Resources\qrv39_3.dat" Description="File successfully backed up as C:\Users\Vladimir Rodriguez\Downloads\QRCode\QRCode\Backup2\QRCodeLib\Resources\qrv39_3.dat">
</Event><Event ErrorLevel="0" Project="QRCodeLib" Source="QRCodeLib\Resources\qrv3_0.dat" Description="File successfully backed up as C:\Users\Vladimir Rodriguez\Downloads\QRCode\QRCode\Backup2\QRCodeLib\Resources\qrv3_0.dat">
</Event><Event ErrorLevel="0" Project="QRCodeLib" Source="QRCodeLib\Resources\qrv3_1.dat" Description="File successfully backed up as C:\Users\Vladimir Rodriguez\Downloads\QRCode\QRCode\Backup2\QRCodeLib\Resources\qrv3_1.dat">
</Event><Event ErrorLevel="0" Project="QRCodeLib" Source="QRCodeLib\Resources\qrv3_2.dat" Description="File successfully backed up as C:\Users\Vladimir Rodriguez\Downloads\QRCode\QRCode\Backup2\QRCodeLib\Resources\qrv3_2.dat">
</Event><Event ErrorLevel="0" Project="QRCodeLib" Source="QRCodeLib\Resources\qrv3_3.dat" Description="File successfully backed up as C:\Users\Vladimir Rodriguez\Downloads\QRCode\QRCode\Backup2\QRCodeLib\Resources\qrv3_3.dat">
</Event><Event ErrorLevel="0" Project="QRCodeLib" Source="QRCodeLib\Resources\qrv40_0.dat" Description="File successfully backed up as C:\Users\Vladimir Rodriguez\Downloads\QRCode\QRCode\Backup2\QRCodeLib\Resources\qrv40_0.dat">
</Event><Event ErrorLevel="0" Project="QRCodeLib" Source="QRCodeLib\Resources\qrv40_1.dat" Description="File successfully backed up as C:\Users\Vladimir Rodriguez\Downloads\QRCode\QRCode\Backup2\QRCodeLib\Resources\qrv40_1.dat">
</Event><Event ErrorLevel="0" Project="QRCodeLib" Source="QRCodeLib\Resources\qrv40_2.dat" Description="File successfully backed up as C:\Users\Vladimir Rodriguez\Downloads\QRCode\QRCode\Backup2\QRCodeLib\Resources\qrv40_2.dat">
</Event><Event ErrorLevel="0" Project="QRCodeLib" Source="QRCodeLib\Resources\qrv40_3.dat" Description="File successfully backed up as C:\Users\Vladimir Rodriguez\Downloads\QRCode\QRCode\Backup2\QRCodeLib\Resources\qrv40_3.dat">
</Event><Event ErrorLevel="0" Project="QRCodeLib" Source="QRCodeLib\Resources\qrv4_0.dat" Description="File successfully backed up as C:\Users\Vladimir Rodriguez\Downloads\QRCode\QRCode\Backup2\QRCodeLib\Resources\qrv4_0.dat">
</Event><Event ErrorLevel="0" Project="QRCodeLib" Source="QRCodeLib\Resources\qrv4_1.dat" Description="File successfully backed up as C:\Users\Vladimir Rodriguez\Downloads\QRCode\QRCode\Backup2\QRCodeLib\Resources\qrv4_1.dat">
</Event><Event ErrorLevel="0" Project="QRCodeLib" Source="QRCodeLib\Resources\qrv4_2.dat" Description="File successfully backed up as C:\Users\Vladimir Rodriguez\Downloads\QRCode\QRCode\Backup2\QRCodeLib\Resources\qrv4_2.dat">
</Event><Event ErrorLevel="0" Project="QRCodeLib" Source="QRCodeLib\Resources\qrv4_3.dat" Description="File successfully backed up as C:\Users\Vladimir Rodriguez\Downloads\QRCode\QRCode\Backup2\QRCodeLib\Resources\qrv4_3.dat">
</Event><Event ErrorLevel="0" Project="QRCodeLib" Source="QRCodeLib\Resources\qrv5_0.dat" Description="File successfully backed up as C:\Users\Vladimir Rodriguez\Downloads\QRCode\QRCode\Backup2\QRCodeLib\Resources\qrv5_0.dat">
</Event><Event ErrorLevel="0" Project="QRCodeLib" Source="QRCodeLib\Resources\qrv5_1.dat" Description="File successfully backed up as C:\Users\Vladimir Rodriguez\Downloads\QRCode\QRCode\Backup2\QRCodeLib\Resources\qrv5_1.dat">
</Event><Event ErrorLevel="0" Project="QRCodeLib" Source="QRCodeLib\Resources\qrv5_2.dat" Description="File successfully backed up as C:\Users\Vladimir Rodriguez\Downloads\QRCode\QRCode\Backup2\QRCodeLib\Resources\qrv5_2.dat">
</Event><Event ErrorLevel="0" Project="QRCodeLib" Source="QRCodeLib\Resources\qrv5_3.dat" Description="File successfully backed up as C:\Users\Vladimir Rodriguez\Downloads\QRCode\QRCode\Backup2\QRCodeLib\Resources\qrv5_3.dat">
</Event><Event ErrorLevel="0" Project="QRCodeLib" Source="QRCodeLib\Resources\qrv6_0.dat" Description="File successfully backed up as C:\Users\Vladimir Rodriguez\Downloads\QRCode\QRCode\Backup2\QRCodeLib\Resources\qrv6_0.dat">
</Event><Event ErrorLevel="0" Project="QRCodeLib" Source="QRCodeLib\Resources\qrv6_1.dat" Description="File successfully backed up as C:\Users\Vladimir Rodriguez\Downloads\QRCode\QRCode\Backup2\QRCodeLib\Resources\qrv6_1.dat">
</Event><Event ErrorLevel="0" Project="QRCodeLib" Source="QRCodeLib\Resources\qrv6_2.dat" Description="File successfully backed up as C:\Users\Vladimir Rodriguez\Downloads\QRCode\QRCode\Backup2\QRCodeLib\Resources\qrv6_2.dat">
</Event><Event ErrorLevel="0" Project="QRCodeLib" Source="QRCodeLib\Resources\qrv6_3.dat" Description="File successfully backed up as C:\Users\Vladimir Rodriguez\Downloads\QRCode\QRCode\Backup2\QRCodeLib\Resources\qrv6_3.dat">
</Event><Event ErrorLevel="0" Project="QRCodeLib" Source="QRCodeLib\Resources\qrv7_0.dat" Description="File successfully backed up as C:\Users\Vladimir Rodriguez\Downloads\QRCode\QRCode\Backup2\QRCodeLib\Resources\qrv7_0.dat">
</Event><Event ErrorLevel="0" Project="QRCodeLib" Source="QRCodeLib\Resources\qrv7_1.dat" Description="File successfully backed up as C:\Users\Vladimir Rodriguez\Downloads\QRCode\QRCode\Backup2\QRCodeLib\Resources\qrv7_1.dat">
</Event><Event ErrorLevel="0" Project="QRCodeLib" Source="QRCodeLib\Resources\qrv7_2.dat" Description="File successfully backed up as C:\Users\Vladimir Rodriguez\Downloads\QRCode\QRCode\Backup2\QRCodeLib\Resources\qrv7_2.dat">
</Event><Event ErrorLevel="0" Project="QRCodeLib" Source="QRCodeLib\Resources\qrv7_3.dat" Description="File successfully backed up as C:\Users\Vladimir Rodriguez\Downloads\QRCode\QRCode\Backup2\QRCodeLib\Resources\qrv7_3.dat">
</Event><Event ErrorLevel="0" Project="QRCodeLib" Source="QRCodeLib\Resources\qrv8_0.dat" Description="File successfully backed up as C:\Users\Vladimir Rodriguez\Downloads\QRCode\QRCode\Backup2\QRCodeLib\Resources\qrv8_0.dat">
</Event><Event ErrorLevel="0" Project="QRCodeLib" Source="QRCodeLib\Resources\qrv8_1.dat" Description="File successfully backed up as C:\Users\Vladimir Rodriguez\Downloads\QRCode\QRCode\Backup2\QRCodeLib\Resources\qrv8_1.dat">
</Event><Event ErrorLevel="0" Project="QRCodeLib" Source="QRCodeLib\Resources\qrv8_2.dat" Description="File successfully backed up as C:\Users\Vladimir Rodriguez\Downloads\QRCode\QRCode\Backup2\QRCodeLib\Resources\qrv8_2.dat">
</Event><Event ErrorLevel="0" Project="QRCodeLib" Source="QRCodeLib\Resources\qrv8_3.dat" Description="File successfully backed up as C:\Users\Vladimir Rodriguez\Downloads\QRCode\QRCode\Backup2\QRCodeLib\Resources\qrv8_3.dat">
</Event><Event ErrorLevel="0" Project="QRCodeLib" Source="QRCodeLib\Resources\qrv9_0.dat" Description="File successfully backed up as C:\Users\Vladimir Rodriguez\Downloads\QRCode\QRCode\Backup2\QRCodeLib\Resources\qrv9_0.dat">
</Event><Event ErrorLevel="0" Project="QRCodeLib" Source="QRCodeLib\Resources\qrv9_1.dat" Description="File successfully backed up as C:\Users\Vladimir Rodriguez\Downloads\QRCode\QRCode\Backup2\QRCodeLib\Resources\qrv9_1.dat">
</Event><Event ErrorLevel="0" Project="QRCodeLib" Source="QRCodeLib\Resources\qrv9_2.dat" Description="File successfully backed up as C:\Users\Vladimir Rodriguez\Downloads\QRCode\QRCode\Backup2\QRCodeLib\Resources\qrv9_2.dat">
</Event><Event ErrorLevel="0" Project="QRCodeLib" Source="QRCodeLib\Resources\qrv9_3.dat" Description="File successfully backed up as C:\Users\Vladimir Rodriguez\Downloads\QRCode\QRCode\Backup2\QRCodeLib\Resources\qrv9_3.dat">
</Event><Event ErrorLevel="0" Project="QRCodeLib" Source="QRCodeLib\Resources\qrvfr1.dat" Description="File successfully backed up as C:\Users\Vladimir Rodriguez\Downloads\QRCode\QRCode\Backup2\QRCodeLib\Resources\qrvfr1.dat">
</Event><Event ErrorLevel="0" Project="QRCodeLib" Source="QRCodeLib\Resources\qrvfr10.dat" Description="File successfully backed up as C:\Users\Vladimir Rodriguez\Downloads\QRCode\QRCode\Backup2\QRCodeLib\Resources\qrvfr10.dat">
</Event><Event ErrorLevel="0" Project="QRCodeLib" Source="QRCodeLib\Resources\qrvfr11.dat" Description="File successfully backed up as C:\Users\Vladimir Rodriguez\Downloads\QRCode\QRCode\Backup2\QRCodeLib\Resources\qrvfr11.dat">
</Event><Event ErrorLevel="0" Project="QRCodeLib" Source="QRCodeLib\Resources\qrvfr12.dat" Description="File successfully backed up as C:\Users\Vladimir Rodriguez\Downloads\QRCode\QRCode\Backup2\QRCodeLib\Resources\qrvfr12.dat">
</Event><Event ErrorLevel="0" Project="QRCodeLib" Source="QRCodeLib\Resources\qrvfr13.dat" Description="File successfully backed up as C:\Users\Vladimir Rodriguez\Downloads\QRCode\QRCode\Backup2\QRCodeLib\Resources\qrvfr13.dat">
</Event><Event ErrorLevel="0" Project="QRCodeLib" Source="QRCodeLib\Resources\qrvfr14.dat" Description="File successfully backed up as C:\Users\Vladimir Rodriguez\Downloads\QRCode\QRCode\Backup2\QRCodeLib\Resources\qrvfr14.dat">
</Event><Event ErrorLevel="0" Project="QRCodeLib" Source="QRCodeLib\Resources\qrvfr15.dat" Description="File successfully backed up as C:\Users\Vladimir Rodriguez\Downloads\QRCode\QRCode\Backup2\QRCodeLib\Resources\qrvfr15.dat">
</Event><Event ErrorLevel="0" Project="QRCodeLib" Source="QRCodeLib\Resources\qrvfr16.dat" Description="File successfully backed up as C:\Users\Vladimir Rodriguez\Downloads\QRCode\QRCode\Backup2\QRCodeLib\Resources\qrvfr16.dat">
</Event><Event ErrorLevel="0" Project="QRCodeLib" Source="QRCodeLib\Resources\qrvfr17.dat" Description="File successfully backed up as C:\Users\Vladimir Rodriguez\Downloads\QRCode\QRCode\Backup2\QRCodeLib\Resources\qrvfr17.dat">
</Event><Event ErrorLevel="0" Project="QRCodeLib" Source="QRCodeLib\Resources\qrvfr18.dat" Description="File successfully backed up as C:\Users\Vladimir Rodriguez\Downloads\QRCode\QRCode\Backup2\QRCodeLib\Resources\qrvfr18.dat">
</Event><Event ErrorLevel="0" Project="QRCodeLib" Source="QRCodeLib\Resources\qrvfr19.dat" Description="File successfully backed up as C:\Users\Vladimir Rodriguez\Downloads\QRCode\QRCode\Backup2\QRCodeLib\Resources\qrvfr19.dat">
</Event><Event ErrorLevel="0" Project="QRCodeLib" Source="QRCodeLib\Resources\qrvfr2.dat" Description="File successfully backed up as C:\Users\Vladimir Rodriguez\Downloads\QRCode\QRCode\Backup2\QRCodeLib\Resources\qrvfr2.dat">
</Event><Event ErrorLevel="0" Project="QRCodeLib" Source="QRCodeLib\Resources\qrvfr20.dat" Description="File successfully backed up as C:\Users\Vladimir Rodriguez\Downloads\QRCode\QRCode\Backup2\QRCodeLib\Resources\qrvfr20.dat">
</Event><Event ErrorLevel="0" Project="QRCodeLib" Source="QRCodeLib\Resources\qrvfr21.dat" Description="File successfully backed up as C:\Users\Vladimir Rodriguez\Downloads\QRCode\QRCode\Backup2\QRCodeLib\Resources\qrvfr21.dat">
</Event><Event ErrorLevel="0" Project="QRCodeLib" Source="QRCodeLib\Resources\qrvfr22.dat" Description="File successfully backed up as C:\Users\Vladimir Rodriguez\Downloads\QRCode\QRCode\Backup2\QRCodeLib\Resources\qrvfr22.dat">
</Event><Event ErrorLevel="0" Project="QRCodeLib" Source="QRCodeLib\Resources\qrvfr23.dat" Description="File successfully backed up as C:\Users\Vladimir Rodriguez\Downloads\QRCode\QRCode\Backup2\QRCodeLib\Resources\qrvfr23.dat">
</Event><Event ErrorLevel="0" Project="QRCodeLib" Source="QRCodeLib\Resources\qrvfr24.dat" Description="File successfully backed up as C:\Users\Vladimir Rodriguez\Downloads\QRCode\QRCode\Backup2\QRCodeLib\Resources\qrvfr24.dat">
</Event><Event ErrorLevel="0" Project="QRCodeLib" Source="QRCodeLib\Resources\qrvfr25.dat" Description="File successfully backed up as C:\Users\Vladimir Rodriguez\Downloads\QRCode\QRCode\Backup2\QRCodeLib\Resources\qrvfr25.dat">
</Event><Event ErrorLevel="0" Project="QRCodeLib" Source="QRCodeLib\Resources\qrvfr26.dat" Description="File successfully backed up as C:\Users\Vladimir Rodriguez\Downloads\QRCode\QRCode\Backup2\QRCodeLib\Resources\qrvfr26.dat">
</Event><Event ErrorLevel="0" Project="QRCodeLib" Source="QRCodeLib\Resources\qrvfr27.dat" Description="File successfully backed up as C:\Users\Vladimir Rodriguez\Downloads\QRCode\QRCode\Backup2\QRCodeLib\Resources\qrvfr27.dat">
</Event><Event ErrorLevel="0" Project="QRCodeLib" Source="QRCodeLib\Resources\qrvfr28.dat" Description="File successfully backed up as C:\Users\Vladimir Rodriguez\Downloads\QRCode\QRCode\Backup2\QRCodeLib\Resources\qrvfr28.dat">
</Event><Event ErrorLevel="0" Project="QRCodeLib" Source="QRCodeLib\Resources\qrvfr29.dat" Description="File successfully backed up as C:\Users\Vladimir Rodriguez\Downloads\QRCode\QRCode\Backup2\QRCodeLib\Resources\qrvfr29.dat">
</Event><Event ErrorLevel="0" Project="QRCodeLib" Source="QRCodeLib\Resources\qrvfr3.dat" Description="File successfully backed up as C:\Users\Vladimir Rodriguez\Downloads\QRCode\QRCode\Backup2\QRCodeLib\Resources\qrvfr3.dat">
</Event><Event ErrorLevel="0" Project="QRCodeLib" Source="QRCodeLib\Resources\qrvfr30.dat" Description="File successfully backed up as C:\Users\Vladimir Rodriguez\Downloads\QRCode\QRCode\Backup2\QRCodeLib\Resources\qrvfr30.dat">
</Event><Event ErrorLevel="0" Project="QRCodeLib" Source="QRCodeLib\Resources\qrvfr31.dat" Description="File successfully backed up as C:\Users\Vladimir Rodriguez\Downloads\QRCode\QRCode\Backup2\QRCodeLib\Resources\qrvfr31.dat">
</Event><Event ErrorLevel="0" Project="QRCodeLib" Source="QRCodeLib\Resources\qrvfr32.dat" Description="File successfully backed up as C:\Users\Vladimir Rodriguez\Downloads\QRCode\QRCode\Backup2\QRCodeLib\Resources\qrvfr32.dat">
</Event><Event ErrorLevel="0" Project="QRCodeLib" Source="QRCodeLib\Resources\qrvfr33.dat" Description="File successfully backed up as C:\Users\Vladimir Rodriguez\Downloads\QRCode\QRCode\Backup2\QRCodeLib\Resources\qrvfr33.dat">
</Event><Event ErrorLevel="0" Project="QRCodeLib" Source="QRCodeLib\Resources\qrvfr34.dat" Description="File successfully backed up as C:\Users\Vladimir Rodriguez\Downloads\QRCode\QRCode\Backup2\QRCodeLib\Resources\qrvfr34.dat">
</Event><Event ErrorLevel="0" Project="QRCodeLib" Source="QRCodeLib\Resources\qrvfr35.dat" Description="File successfully backed up as C:\Users\Vladimir Rodriguez\Downloads\QRCode\QRCode\Backup2\QRCodeLib\Resources\qrvfr35.dat">
</Event><Event ErrorLevel="0" Project="QRCodeLib" Source="QRCodeLib\Resources\qrvfr36.dat" Description="File successfully backed up as C:\Users\Vladimir Rodriguez\Downloads\QRCode\QRCode\Backup2\QRCodeLib\Resources\qrvfr36.dat">
</Event><Event ErrorLevel="0" Project="QRCodeLib" Source="QRCodeLib\Resources\qrvfr37.dat" Description="File successfully backed up as C:\Users\Vladimir Rodriguez\Downloads\QRCode\QRCode\Backup2\QRCodeLib\Resources\qrvfr37.dat">
</Event><Event ErrorLevel="0" Project="QRCodeLib" Source="QRCodeLib\Resources\qrvfr38.dat" Description="File successfully backed up as C:\Users\Vladimir Rodriguez\Downloads\QRCode\QRCode\Backup2\QRCodeLib\Resources\qrvfr38.dat">
</Event><Event ErrorLevel="0" Project="QRCodeLib" Source="QRCodeLib\Resources\qrvfr39.dat" Description="File successfully backed up as C:\Users\Vladimir Rodriguez\Downloads\QRCode\QRCode\Backup2\QRCodeLib\Resources\qrvfr39.dat">
</Event><Event ErrorLevel="0" Project="QRCodeLib" Source="QRCodeLib\Resources\qrvfr4.dat" Description="File successfully backed up as C:\Users\Vladimir Rodriguez\Downloads\QRCode\QRCode\Backup2\QRCodeLib\Resources\qrvfr4.dat">
</Event><Event ErrorLevel="0" Project="QRCodeLib" Source="QRCodeLib\Resources\qrvfr40.dat" Description="File successfully backed up as C:\Users\Vladimir Rodriguez\Downloads\QRCode\QRCode\Backup2\QRCodeLib\Resources\qrvfr40.dat">
</Event><Event ErrorLevel="0" Project="QRCodeLib" Source="QRCodeLib\Resources\qrvfr5.dat" Description="File successfully backed up as C:\Users\Vladimir Rodriguez\Downloads\QRCode\QRCode\Backup2\QRCodeLib\Resources\qrvfr5.dat">
</Event><Event ErrorLevel="0" Project="QRCodeLib" Source="QRCodeLib\Resources\qrvfr6.dat" Description="File successfully backed up as C:\Users\Vladimir Rodriguez\Downloads\QRCode\QRCode\Backup2\QRCodeLib\Resources\qrvfr6.dat">
</Event><Event ErrorLevel="0" Project="QRCodeLib" Source="QRCodeLib\Resources\qrvfr7.dat" Description="File successfully backed up as C:\Users\Vladimir Rodriguez\Downloads\QRCode\QRCode\Backup2\QRCodeLib\Resources\qrvfr7.dat">
</Event><Event ErrorLevel="0" Project="QRCodeLib" Source="QRCodeLib\Resources\qrvfr8.dat" Description="File successfully backed up as C:\Users\Vladimir Rodriguez\Downloads\QRCode\QRCode\Backup2\QRCodeLib\Resources\qrvfr8.dat">
</Event><Event ErrorLevel="0" Project="QRCodeLib" Source="QRCodeLib\Resources\qrvfr9.dat" Description="File successfully backed up as C:\Users\Vladimir Rodriguez\Downloads\QRCode\QRCode\Backup2\QRCodeLib\Resources\qrvfr9.dat">
</Event><Event ErrorLevel="0" Project="QRCodeLib" Source="QRCodeLib\Resources\rsc10.dat" Description="File successfully backed up as C:\Users\Vladimir Rodriguez\Downloads\QRCode\QRCode\Backup2\QRCodeLib\Resources\rsc10.dat">
</Event><Event ErrorLevel="0" Project="QRCodeLib" Source="QRCodeLib\Resources\rsc13.dat" Description="File successfully backed up as C:\Users\Vladimir Rodriguez\Downloads\QRCode\QRCode\Backup2\QRCodeLib\Resources\rsc13.dat">
</Event><Event ErrorLevel="0" Project="QRCodeLib" Source="QRCodeLib\Resources\rsc15.dat" Description="File successfully backed up as C:\Users\Vladimir Rodriguez\Downloads\QRCode\QRCode\Backup2\QRCodeLib\Resources\rsc15.dat">
</Event><Event ErrorLevel="0" Project="QRCodeLib" Source="QRCodeLib\Resources\rsc16.dat" Description="File successfully backed up as C:\Users\Vladimir Rodriguez\Downloads\QRCode\QRCode\Backup2\QRCodeLib\Resources\rsc16.dat">
</Event><Event ErrorLevel="0" Project="QRCodeLib" Source="QRCodeLib\Resources\rsc17.dat" Description="File successfully backed up as C:\Users\Vladimir Rodriguez\Downloads\QRCode\QRCode\Backup2\QRCodeLib\Resources\rsc17.dat">
</Event><Event ErrorLevel="0" Project="QRCodeLib" Source="QRCodeLib\Resources\rsc18.dat" Description="File successfully backed up as C:\Users\Vladimir Rodriguez\Downloads\QRCode\QRCode\Backup2\QRCodeLib\Resources\rsc18.dat">
</Event><Event ErrorLevel="0" Project="QRCodeLib" Source="QRCodeLib\Resources\rsc20.dat" Description="File successfully backed up as C:\Users\Vladimir Rodriguez\Downloads\QRCode\QRCode\Backup2\QRCodeLib\Resources\rsc20.dat">
</Event><Event ErrorLevel="0" Project="QRCodeLib" Source="QRCodeLib\Resources\rsc22.dat" Description="File successfully backed up as C:\Users\Vladimir Rodriguez\Downloads\QRCode\QRCode\Backup2\QRCodeLib\Resources\rsc22.dat">
</Event><Event ErrorLevel="0" Project="QRCodeLib" Source="QRCodeLib\Resources\rsc24.dat" Description="File successfully backed up as C:\Users\Vladimir Rodriguez\Downloads\QRCode\QRCode\Backup2\QRCodeLib\Resources\rsc24.dat">
</Event><Event ErrorLevel="0" Project="QRCodeLib" Source="QRCodeLib\Resources\rsc26.dat" Description="File successfully backed up as C:\Users\Vladimir Rodriguez\Downloads\QRCode\QRCode\Backup2\QRCodeLib\Resources\rsc26.dat">
</Event><Event ErrorLevel="0" Project="QRCodeLib" Source="QRCodeLib\Resources\rsc28.dat" Description="File successfully backed up as C:\Users\Vladimir Rodriguez\Downloads\QRCode\QRCode\Backup2\QRCodeLib\Resources\rsc28.dat">
</Event><Event ErrorLevel="0" Project="QRCodeLib" Source="QRCodeLib\Resources\rsc30.dat" Description="File successfully backed up as C:\Users\Vladimir Rodriguez\Downloads\QRCode\QRCode\Backup2\QRCodeLib\Resources\rsc30.dat">
</Event><Event ErrorLevel="0" Project="QRCodeLib" Source="QRCodeLib\Resources\rsc32.dat" Description="File successfully backed up as C:\Users\Vladimir Rodriguez\Downloads\QRCode\QRCode\Backup2\QRCodeLib\Resources\rsc32.dat">
</Event><Event ErrorLevel="0" Project="QRCodeLib" Source="QRCodeLib\Resources\rsc34.dat" Description="File successfully backed up as C:\Users\Vladimir Rodriguez\Downloads\QRCode\QRCode\Backup2\QRCodeLib\Resources\rsc34.dat">
</Event><Event ErrorLevel="0" Project="QRCodeLib" Source="QRCodeLib\Resources\rsc36.dat" Description="File successfully backed up as C:\Users\Vladimir Rodriguez\Downloads\QRCode\QRCode\Backup2\QRCodeLib\Resources\rsc36.dat">
</Event><Event ErrorLevel="0" Project="QRCodeLib" Source="QRCodeLib\Resources\rsc40.dat" Description="File successfully backed up as C:\Users\Vladimir Rodriguez\Downloads\QRCode\QRCode\Backup2\QRCodeLib\Resources\rsc40.dat">
</Event><Event ErrorLevel="0" Project="QRCodeLib" Source="QRCodeLib\Resources\rsc42.dat" Description="File successfully backed up as C:\Users\Vladimir Rodriguez\Downloads\QRCode\QRCode\Backup2\QRCodeLib\Resources\rsc42.dat">
</Event><Event ErrorLevel="0" Project="QRCodeLib" Source="QRCodeLib\Resources\rsc44.dat" Description="File successfully backed up as C:\Users\Vladimir Rodriguez\Downloads\QRCode\QRCode\Backup2\QRCodeLib\Resources\rsc44.dat">
</Event><Event ErrorLevel="0" Project="QRCodeLib" Source="QRCodeLib\Resources\rsc46.dat" Description="File successfully backed up as C:\Users\Vladimir Rodriguez\Downloads\QRCode\QRCode\Backup2\QRCodeLib\Resources\rsc46.dat">
</Event><Event ErrorLevel="0" Project="QRCodeLib" Source="QRCodeLib\Resources\rsc48.dat" Description="File successfully backed up as C:\Users\Vladimir Rodriguez\Downloads\QRCode\QRCode\Backup2\QRCodeLib\Resources\rsc48.dat">
</Event><Event ErrorLevel="0" Project="QRCodeLib" Source="QRCodeLib\Resources\rsc50.dat" Description="File successfully backed up as C:\Users\Vladimir Rodriguez\Downloads\QRCode\QRCode\Backup2\QRCodeLib\Resources\rsc50.dat">
</Event><Event ErrorLevel="0" Project="QRCodeLib" Source="QRCodeLib\Resources\rsc52.dat" Description="File successfully backed up as C:\Users\Vladimir Rodriguez\Downloads\QRCode\QRCode\Backup2\QRCodeLib\Resources\rsc52.dat">
</Event><Event ErrorLevel="0" Project="QRCodeLib" Source="QRCodeLib\Resources\rsc54.dat" Description="File successfully backed up as C:\Users\Vladimir Rodriguez\Downloads\QRCode\QRCode\Backup2\QRCodeLib\Resources\rsc54.dat">
</Event><Event ErrorLevel="0" Project="QRCodeLib" Source="QRCodeLib\Resources\rsc56.dat" Description="File successfully backed up as C:\Users\Vladimir Rodriguez\Downloads\QRCode\QRCode\Backup2\QRCodeLib\Resources\rsc56.dat">
</Event><Event ErrorLevel="0" Project="QRCodeLib" Source="QRCodeLib\Resources\rsc58.dat" Description="File successfully backed up as C:\Users\Vladimir Rodriguez\Downloads\QRCode\QRCode\Backup2\QRCodeLib\Resources\rsc58.dat">
</Event><Event ErrorLevel="0" Project="QRCodeLib" Source="QRCodeLib\Resources\rsc60.dat" Description="File successfully backed up as C:\Users\Vladimir Rodriguez\Downloads\QRCode\QRCode\Backup2\QRCodeLib\Resources\rsc60.dat">
</Event><Event ErrorLevel="0" Project="QRCodeLib" Source="QRCodeLib\Resources\rsc62.dat" Description="File successfully backed up as C:\Users\Vladimir Rodriguez\Downloads\QRCode\QRCode\Backup2\QRCodeLib\Resources\rsc62.dat">
</Event><Event ErrorLevel="0" Project="QRCodeLib" Source="QRCodeLib\Resources\rsc64.dat" Description="File successfully backed up as C:\Users\Vladimir Rodriguez\Downloads\QRCode\QRCode\Backup2\QRCodeLib\Resources\rsc64.dat">
</Event><Event ErrorLevel="0" Project="QRCodeLib" Source="QRCodeLib\Resources\rsc66.dat" Description="File successfully backed up as C:\Users\Vladimir Rodriguez\Downloads\QRCode\QRCode\Backup2\QRCodeLib\Resources\rsc66.dat">
</Event><Event ErrorLevel="0" Project="QRCodeLib" Source="QRCodeLib\Resources\rsc68.dat" Description="File successfully backed up as C:\Users\Vladimir Rodriguez\Downloads\QRCode\QRCode\Backup2\QRCodeLib\Resources\rsc68.dat">
</Event><Event ErrorLevel="0" Project="QRCodeLib" Source="QRCodeLib\Resources\rsc7.dat" Description="File successfully backed up as C:\Users\Vladimir Rodriguez\Downloads\QRCode\QRCode\Backup2\QRCodeLib\Resources\rsc7.dat">
</Event><Event ErrorLevel="0" Project="QRCodeLib" Source="QRCodeLib\Properties\Resources.resx" Description="File successfully backed up as C:\Users\Vladimir Rodriguez\Downloads\QRCode\QRCode\Backup2\QRCodeLib\Properties\Resources.resx">
</Event><Event ErrorLevel="0" Project="QRCodeLib" Source="QRCodeLib\QRCodeLib.csproj" Description="The project file does not require conversion.">
</Event><Event ErrorLevel="3" Project="QRCodeLib" Source="QRCodeLib\QRCodeLib.csproj" Description="No Conversion Required">
</Event><Event ErrorLevel="0" Project="QRCodeSampleApp" Source="QRCodeSampleApp\QRCodeSampleApp.csproj" Description="Project file successfully backed up as C:\Users\Vladimir Rodriguez\Downloads\QRCode\QRCode\Backup2\QRCodeSampleApp\QRCodeSampleApp.csproj">
</Event><Event ErrorLevel="0" Project="QRCodeSampleApp" Source="QRCodeSampleApp\QRCodeSampleApp.csproj.user" Description="Project user file successfully backed up as C:\Users\Vladimir Rodriguez\Downloads\QRCode\QRCode\Backup2\QRCodeSampleApp\QRCodeSampleApp.csproj.user">
</Event><Event ErrorLevel="0" Project="QRCodeSampleApp" Source="QRCodeSampleApp\QrCodeSampleApp.cs" Description="File successfully backed up as C:\Users\Vladimir Rodriguez\Downloads\QRCode\QRCode\Backup2\QRCodeSampleApp\QrCodeSampleApp.cs">
</Event><Event ErrorLevel="0" Project="QRCodeSampleApp" Source="QRCodeSampleApp\QrCodeSampleApp.Designer.cs" Description="File successfully backed up as C:\Users\Vladimir Rodriguez\Downloads\QRCode\QRCode\Backup2\QRCodeSampleApp\QrCodeSampleApp.Designer.cs">
</Event><Event ErrorLevel="0" Project="QRCodeSampleApp" Source="QRCodeSampleApp\Program.cs" Description="File successfully backed up as C:\Users\Vladimir Rodriguez\Downloads\QRCode\QRCode\Backup2\QRCodeSampleApp\Program.cs">
</Event><Event ErrorLevel="0" Project="QRCodeSampleApp" Source="QRCodeSampleApp\Properties\AssemblyInfo.cs" Description="File successfully backed up as C:\Users\Vladimir Rodriguez\Downloads\QRCode\QRCode\Backup2\QRCodeSampleApp\Properties\AssemblyInfo.cs">
</Event><Event ErrorLevel="0" Project="QRCodeSampleApp" Source="QRCodeSampleApp\Properties\Resources.Designer.cs" Description="File successfully backed up as C:\Users\Vladimir Rodriguez\Downloads\QRCode\QRCode\Backup2\QRCodeSampleApp\Properties\Resources.Designer.cs">
</Event><Event ErrorLevel="0" Project="QRCodeSampleApp" Source="QRCodeSampleApp\Properties\Settings.Designer.cs" Description="File successfully backed up as C:\Users\Vladimir Rodriguez\Downloads\QRCode\QRCode\Backup2\QRCodeSampleApp\Properties\Settings.Designer.cs">
</Event><Event ErrorLevel="0" Project="QRCodeSampleApp" Source="QRCodeSampleApp\Properties\Settings.settings" Description="File successfully backed up as C:\Users\Vladimir Rodriguez\Downloads\QRCode\QRCode\Backup2\QRCodeSampleApp\Properties\Settings.settings">
</Event><Event ErrorLevel="0" Project="QRCodeSampleApp" Source="QRCodeSampleApp\QrCodeSampleApp.resx" Description="File successfully backed up as C:\Users\Vladimir Rodriguez\Downloads\QRCode\QRCode\Backup2\QRCodeSampleApp\QrCodeSampleApp.resx">
</Event><Event ErrorLevel="0" Project="QRCodeSampleApp" Source="QRCodeSampleApp\Properties\Resources.resx" Description="File successfully backed up as C:\Users\Vladimir Rodriguez\Downloads\QRCode\QRCode\Backup2\QRCodeSampleApp\Properties\Resources.resx">
</Event><Event ErrorLevel="0" Project="QRCodeSampleApp" Source="QRCodeSampleApp\QRCodeSampleApp.csproj" Description="The project file does not require conversion.">
</Event><Event ErrorLevel="3" Project="QRCodeSampleApp" Source="QRCodeSampleApp\QRCodeSampleApp.csproj" Description="No Conversion Required">
</Event><Event ErrorLevel="0" Project="QRCodeMobileLib" Source="QRCodeMobileLib\QRCodeMobileLib.csproj" Description="Project file successfully backed up as C:\Users\Vladimir Rodriguez\Downloads\QRCode\QRCode\Backup2\QRCodeMobileLib\QRCodeMobileLib.csproj">
</Event><Event ErrorLevel="0" Project="QRCodeMobileLib" Source="QRCodeMobileLib\QRCodeMobileLib.csproj.user" Description="Project user file successfully backed up as C:\Users\Vladimir Rodriguez\Downloads\QRCode\QRCode\Backup2\QRCodeMobileLib\QRCodeMobileLib.csproj.user">
</Event><Event ErrorLevel="0" Project="QRCodeMobileLib" Source="QRCodeMobileLib\data\QRCodeBitmapImage.cs" Description="File successfully backed up as C:\Users\Vladimir Rodriguez\Downloads\QRCode\QRCode\Backup2\QRCodeMobileLib\data\QRCodeBitmapImage.cs">
</Event><Event ErrorLevel="0" Project="QRCodeMobileLib" Source="QRCodeMobileLib\data\QRCodeImage.cs" Description="File successfully backed up as C:\Users\Vladimir Rodriguez\Downloads\QRCode\QRCode\Backup2\QRCodeMobileLib\data\QRCodeImage.cs">
</Event><Event ErrorLevel="0" Project="QRCodeMobileLib" Source="QRCodeMobileLib\data\QRCodeSymbol.cs" Description="File successfully backed up as C:\Users\Vladimir Rodriguez\Downloads\QRCode\QRCode\Backup2\QRCodeMobileLib\data\QRCodeSymbol.cs">
</Event><Event ErrorLevel="0" Project="QRCodeMobileLib" Source="QRCodeMobileLib\ecc\BCH15_5.cs" Description="File successfully backed up as C:\Users\Vladimir Rodriguez\Downloads\QRCode\QRCode\Backup2\QRCodeMobileLib\ecc\BCH15_5.cs">
</Event><Event ErrorLevel="0" Project="QRCodeMobileLib" Source="QRCodeMobileLib\ecc\ReedSolomon.cs" Description="File successfully backed up as C:\Users\Vladimir Rodriguez\Downloads\QRCode\QRCode\Backup2\QRCodeMobileLib\ecc\ReedSolomon.cs">
</Event><Event ErrorLevel="0" Project="QRCodeMobileLib" Source="QRCodeMobileLib\exception\AlignmentPatternNotFoundException.cs" Description="File successfully backed up as C:\Users\Vladimir Rodriguez\Downloads\QRCode\QRCode\Backup2\QRCodeMobileLib\exception\AlignmentPatternNotFoundException.cs">
</Event><Event ErrorLevel="0" Project="QRCodeMobileLib" Source="QRCodeMobileLib\exception\DecodingFailedException.cs" Description="File successfully backed up as C:\Users\Vladimir Rodriguez\Downloads\QRCode\QRCode\Backup2\QRCodeMobileLib\exception\DecodingFailedException.cs">
</Event><Event ErrorLevel="0" Project="QRCodeMobileLib" Source="QRCodeMobileLib\exception\FinderPatternNotFoundException.cs" Description="File successfully backed up as C:\Users\Vladimir Rodriguez\Downloads\QRCode\QRCode\Backup2\QRCodeMobileLib\exception\FinderPatternNotFoundException.cs">
</Event><Event ErrorLevel="0" Project="QRCodeMobileLib" Source="QRCodeMobileLib\exception\InvalidDataBlockException.cs" Description="File successfully backed up as C:\Users\Vladimir Rodriguez\Downloads\QRCode\QRCode\Backup2\QRCodeMobileLib\exception\InvalidDataBlockException.cs">
</Event><Event ErrorLevel="0" Project="QRCodeMobileLib" Source="QRCodeMobileLib\exception\InvalidVersionException.cs" Description="File successfully backed up as C:\Users\Vladimir Rodriguez\Downloads\QRCode\QRCode\Backup2\QRCodeMobileLib\exception\InvalidVersionException.cs">
</Event><Event ErrorLevel="0" Project="QRCodeMobileLib" Source="QRCodeMobileLib\exception\InvalidVersionInfoException.cs" Description="File successfully backed up as C:\Users\Vladimir Rodriguez\Downloads\QRCode\QRCode\Backup2\QRCodeMobileLib\exception\InvalidVersionInfoException.cs">
</Event><Event ErrorLevel="0" Project="QRCodeMobileLib" Source="QRCodeMobileLib\exception\SymbolNotFoundException.cs" Description="File successfully backed up as C:\Users\Vladimir Rodriguez\Downloads\QRCode\QRCode\Backup2\QRCodeMobileLib\exception\SymbolNotFoundException.cs">
</Event><Event ErrorLevel="0" Project="QRCodeMobileLib" Source="QRCodeMobileLib\exception\VersionInformationException.cs" Description="File successfully backed up as C:\Users\Vladimir Rodriguez\Downloads\QRCode\QRCode\Backup2\QRCodeMobileLib\exception\VersionInformationException.cs">
</Event><Event ErrorLevel="0" Project="QRCodeMobileLib" Source="QRCodeMobileLib\geom\Axis.cs" Description="File successfully backed up as C:\Users\Vladimir Rodriguez\Downloads\QRCode\QRCode\Backup2\QRCodeMobileLib\geom\Axis.cs">
</Event><Event ErrorLevel="0" Project="QRCodeMobileLib" Source="QRCodeMobileLib\geom\Line.cs" Description="File successfully backed up as C:\Users\Vladimir Rodriguez\Downloads\QRCode\QRCode\Backup2\QRCodeMobileLib\geom\Line.cs">
</Event><Event ErrorLevel="0" Project="QRCodeMobileLib" Source="QRCodeMobileLib\geom\Point.cs" Description="File successfully backed up as C:\Users\Vladimir Rodriguez\Downloads\QRCode\QRCode\Backup2\QRCodeMobileLib\geom\Point.cs">
</Event><Event ErrorLevel="0" Project="QRCodeMobileLib" Source="QRCodeMobileLib\geom\SamplingGrid.cs" Description="File successfully backed up as C:\Users\Vladimir Rodriguez\Downloads\QRCode\QRCode\Backup2\QRCodeMobileLib\geom\SamplingGrid.cs">
</Event><Event ErrorLevel="0" Project="QRCodeMobileLib" Source="QRCodeMobileLib\Properties\AssemblyInfo.cs" Description="File successfully backed up as C:\Users\Vladimir Rodriguez\Downloads\QRCode\QRCode\Backup2\QRCodeMobileLib\Properties\AssemblyInfo.cs">
</Event><Event ErrorLevel="0" Project="QRCodeMobileLib" Source="QRCodeMobileLib\Properties\Resources.Designer.cs" Description="File successfully backed up as C:\Users\Vladimir Rodriguez\Downloads\QRCode\QRCode\Backup2\QRCodeMobileLib\Properties\Resources.Designer.cs">
</Event><Event ErrorLevel="0" Project="QRCodeMobileLib" Source="QRCodeMobileLib\QRCodeDecoder.cs" Description="File successfully backed up as C:\Users\Vladimir Rodriguez\Downloads\QRCode\QRCode\Backup2\QRCodeMobileLib\QRCodeDecoder.cs">
</Event><Event ErrorLevel="0" Project="QRCodeMobileLib" Source="QRCodeMobileLib\QRCodeEncoder.cs" Description="File successfully backed up as C:\Users\Vladimir Rodriguez\Downloads\QRCode\QRCode\Backup2\QRCodeMobileLib\QRCodeEncoder.cs">
</Event><Event ErrorLevel="0" Project="QRCodeMobileLib" Source="QRCodeMobileLib\reader\pattern\AlignmentPattern.cs" Description="File successfully backed up as C:\Users\Vladimir Rodriguez\Downloads\QRCode\QRCode\Backup2\QRCodeMobileLib\reader\pattern\AlignmentPattern.cs">
</Event><Event ErrorLevel="0" Project="QRCodeMobileLib" Source="QRCodeMobileLib\reader\pattern\FinderPattern.cs" Description="File successfully backed up as C:\Users\Vladimir Rodriguez\Downloads\QRCode\QRCode\Backup2\QRCodeMobileLib\reader\pattern\FinderPattern.cs">
</Event><Event ErrorLevel="0" Project="QRCodeMobileLib" Source="QRCodeMobileLib\reader\pattern\LogicalSeed.cs" Description="File successfully backed up as C:\Users\Vladimir Rodriguez\Downloads\QRCode\QRCode\Backup2\QRCodeMobileLib\reader\pattern\LogicalSeed.cs">
</Event><Event ErrorLevel="0" Project="QRCodeMobileLib" Source="QRCodeMobileLib\reader\QRCodeDataBlockReader.cs" Description="File successfully backed up as C:\Users\Vladimir Rodriguez\Downloads\QRCode\QRCode\Backup2\QRCodeMobileLib\reader\QRCodeDataBlockReader.cs">
</Event><Event ErrorLevel="0" Project="QRCodeMobileLib" Source="QRCodeMobileLib\reader\QRCodeImageReader.cs" Description="File successfully backed up as C:\Users\Vladimir Rodriguez\Downloads\QRCode\QRCode\Backup2\QRCodeMobileLib\reader\QRCodeImageReader.cs">
</Event><Event ErrorLevel="0" Project="QRCodeMobileLib" Source="QRCodeMobileLib\util\Color.cs" Description="File successfully backed up as C:\Users\Vladimir Rodriguez\Downloads\QRCode\QRCode\Backup2\QRCodeMobileLib\util\Color.cs">
</Event><Event ErrorLevel="0" Project="QRCodeMobileLib" Source="QRCodeMobileLib\util\ConsoleCanvas.cs" Description="File successfully backed up as C:\Users\Vladimir Rodriguez\Downloads\QRCode\QRCode\Backup2\QRCodeMobileLib\util\ConsoleCanvas.cs">
</Event><Event ErrorLevel="0" Project="QRCodeMobileLib" Source="QRCodeMobileLib\util\ContentConverter.cs" Description="File successfully backed up as C:\Users\Vladimir Rodriguez\Downloads\QRCode\QRCode\Backup2\QRCodeMobileLib\util\ContentConverter.cs">
</Event><Event ErrorLevel="0" Project="QRCodeMobileLib" Source="QRCodeMobileLib\util\DebugCanvas.cs" Description="File successfully backed up as C:\Users\Vladimir Rodriguez\Downloads\QRCode\QRCode\Backup2\QRCodeMobileLib\util\DebugCanvas.cs">
</Event><Event ErrorLevel="0" Project="QRCodeMobileLib" Source="QRCodeMobileLib\util\DebugCanvasAdapter.cs" Description="File successfully backed up as C:\Users\Vladimir Rodriguez\Downloads\QRCode\QRCode\Backup2\QRCodeMobileLib\util\DebugCanvasAdapter.cs">
</Event><Event ErrorLevel="0" Project="QRCodeMobileLib" Source="QRCodeMobileLib\util\QRCodeUtility.cs" Description="File successfully backed up as C:\Users\Vladimir Rodriguez\Downloads\QRCode\QRCode\Backup2\QRCodeMobileLib\util\QRCodeUtility.cs">
</Event><Event ErrorLevel="0" Project="QRCodeMobileLib" Source="QRCodeMobileLib\util\SystemUtils.cs" Description="File successfully backed up as C:\Users\Vladimir Rodriguez\Downloads\QRCode\QRCode\Backup2\QRCodeMobileLib\util\SystemUtils.cs">
</Event><Event ErrorLevel="0" Project="QRCodeMobileLib" Source="QRCodeMobileLib\Properties\Resources.resx" Description="File successfully backed up as C:\Users\Vladimir Rodriguez\Downloads\QRCode\QRCode\Backup2\QRCodeMobileLib\Properties\Resources.resx">
</Event><Event ErrorLevel="0" Project="QRCodeMobileLib" Source="QRCodeMobileLib\QRCodeMobileLib.csproj" Description="Project converted successfully">
</Event><Event ErrorLevel="3" Project="QRCodeMobileLib" Source="QRCodeMobileLib\QRCodeMobileLib.csproj" Description="Converted">
</Event><Event ErrorLevel="0" Project="QRCodeWindowsMobile5" Source="QRCodeWindowsMobile5.0\QRCodeWindowsMobile5.csproj" Description="Project file successfully backed up as C:\Users\Vladimir Rodriguez\Downloads\QRCode\QRCode\Backup2\QRCodeWindowsMobile5.0\QRCodeWindowsMobile5.csproj">
</Event><Event ErrorLevel="0" Project="QRCodeWindowsMobile5" Source="QRCodeWindowsMobile5.0\QRCodeWindowsMobile5.csproj.user" Description="Project user file successfully backed up as C:\Users\Vladimir Rodriguez\Downloads\QRCode\QRCode\Backup2\QRCodeWindowsMobile5.0\QRCodeWindowsMobile5.csproj.user">
</Event><Event ErrorLevel="0" Project="QRCodeWindowsMobile5" Source="QRCodeWindowsMobile5.0\MainForm.cs" Description="File successfully backed up as C:\Users\Vladimir Rodriguez\Downloads\QRCode\QRCode\Backup2\QRCodeWindowsMobile5.0\MainForm.cs">
</Event><Event ErrorLevel="0" Project="QRCodeWindowsMobile5" Source="QRCodeWindowsMobile5.0\MainForm.Designer.cs" Description="File successfully backed up as C:\Users\Vladimir Rodriguez\Downloads\QRCode\QRCode\Backup2\QRCodeWindowsMobile5.0\MainForm.Designer.cs">
</Event><Event ErrorLevel="0" Project="QRCodeWindowsMobile5" Source="QRCodeWindowsMobile5.0\Program.cs" Description="File successfully backed up as C:\Users\Vladimir Rodriguez\Downloads\QRCode\QRCode\Backup2\QRCodeWindowsMobile5.0\Program.cs">
</Event><Event ErrorLevel="0" Project="QRCodeWindowsMobile5" Source="QRCodeWindowsMobile5.0\Properties\AssemblyInfo.cs" Description="File successfully backed up as C:\Users\Vladimir Rodriguez\Downloads\QRCode\QRCode\Backup2\QRCodeWindowsMobile5.0\Properties\AssemblyInfo.cs">
</Event><Event ErrorLevel="0" Project="QRCodeWindowsMobile5" Source="QRCodeWindowsMobile5.0\Properties\Resources.Designer.cs" Description="File successfully backed up as C:\Users\Vladimir Rodriguez\Downloads\QRCode\QRCode\Backup2\QRCodeWindowsMobile5.0\Properties\Resources.Designer.cs">
</Event><Event ErrorLevel="0" Project="QRCodeWindowsMobile5" Source="QRCodeWindowsMobile5.0\MainForm.resx" Description="File successfully backed up as C:\Users\Vladimir Rodriguez\Downloads\QRCode\QRCode\Backup2\QRCodeWindowsMobile5.0\MainForm.resx">
</Event><Event ErrorLevel="0" Project="QRCodeWindowsMobile5" Source="QRCodeWindowsMobile5.0\Properties\Resources.resx" Description="File successfully backed up as C:\Users\Vladimir Rodriguez\Downloads\QRCode\QRCode\Backup2\QRCodeWindowsMobile5.0\Properties\Resources.resx">
</Event><Event ErrorLevel="0" Project="QRCodeWindowsMobile5" Source="QRCodeWindowsMobile5.0\QRCodeWindowsMobile5.csproj" Description="Project converted successfully">
</Event><Event ErrorLevel="3" Project="QRCodeWindowsMobile5" Source="QRCodeWindowsMobile5.0\QRCodeWindowsMobile5.csproj" Description="Converted">
</Event><Event ErrorLevel="0" Project="" Source="ThoughtWorks.QRCode.sln" Description="The solution file does not require conversion.">
</Event><Event ErrorLevel="3" Project="" Source="ThoughtWorks.QRCode.sln" Description="No Conversion Required">
</Event></UpgradeLog>